2025-08-21 15:14:30.337 +03:00 [INF] HTTP POST /api/Auth/register responded 200 in 2214.7160 ms
2025-08-21 15:14:55.717 +03:00 [ERR] HTTP POST /api/Auth/login responded 500 in 498.5607 ms
System.ArgumentOutOfRangeException: IDX10720: Unable to create KeyedHashAlgorithm for algorithm 'http://www.w3.org/2001/04/xmldsig-more#hmac-sha512', the key size must be greater than: '512' bits, key has '312' bits. See https://aka.ms/IdentityModel/UnsafeRelaxHmacKeySizeValidation (Parameter 'keyBytes')
   at Microsoft.IdentityModel.Tokens.CryptoProviderFactory.ValidateKeySize(Byte[] keyBytes, String algorithm, Int32 expectedNumberOfBytes)
   at Microsoft.IdentityModel.Tokens.CryptoProviderFactory.CreateKeyedHashAlgorithm(Byte[] keyBytes, String algorithm)
   at Microsoft.IdentityModel.Tokens.SymmetricSignatureProvider.CreateKeyedHashAlgorithm()
   at Microsoft.IdentityModel.Tokens.DisposableObjectPool`1.CreateInstance()
   at Microsoft.IdentityModel.Tokens.DisposableObjectPool`1.Allocate()
   at Microsoft.IdentityModel.Tokens.SymmetricSignatureProvider.GetKeyedHashAlgorithm(Byte[] keyBytes, String algorithm)
   at Microsoft.IdentityModel.Tokens.SymmetricSignatureProvider.Sign(Byte[] input)
   at Microsoft.IdentityModel.JsonWebTokens.JwtTokenUtilities.CreateEncodedSignature(String input, SigningCredentials signingCredentials)
   at System.IdentityModel.Tokens.Jwt.JwtSecurityTokenHandler.CreateJwtSecurityTokenPrivate(String issuer, String audience, ClaimsIdentity subject, Nullable`1 notBefore, Nullable`1 expires, Nullable`1 issuedAt, SigningCredentials signingCredentials, EncryptingCredentials encryptingCredentials, IDictionary`2 claimCollection, String tokenType, IDictionary`2 additionalHeaderClaims, IDictionary`2 additionalInnerHeaderClaims)
   at System.IdentityModel.Tokens.Jwt.JwtSecurityTokenHandler.CreateToken(SecurityTokenDescriptor tokenDescriptor)
   at KayraExportTask2Infrastructor.Services.TokenService.GenerateToken(User user) in C:\Users\Furkan Recep Çınar\source\repos\kayra-export-task-2\backend\KayraExportTask2\KayraExportTask2Infrastructor\Services\TokenService.cs:line 49
   at KayraExportTask2API.Controllers.AuthController.Login(LoginDto loginDto) in C:\Users\Furkan Recep Çınar\source\repos\kayra-export-task-2\backend\KayraExportTask2\KayraExportTask2API\Controllers\AuthController.cs:line 32
   at Microsoft.AspNetCore.Mvc.Infrastructure.ActionMethodExecutor.TaskOfIActionResultExecutor.Execute(ActionContext actionContext, IActionResultTypeMapper mapper, ObjectMethodExecutor executor, Object controller, Object[] arguments)
   at Microsoft.AspNetCore.Mvc.Infrastructure.ControllerActionInvoker.<InvokeActionMethodAsync>g__Awaited|12_0(ControllerActionInvoker invoker, ValueTask`1 actionResultValueTask)
   at Microsoft.AspNetCore.Mvc.Infrastructure.ControllerActionInvoker.<InvokeNextActionFilterAsync>g__Awaited|10_0(ControllerActionInvoker invoker, Task lastTask, State next, Scope scope, Object state, Boolean isCompleted)
   at Microsoft.AspNetCore.Mvc.Infrastructure.ControllerActionInvoker.Rethrow(ActionExecutedContextSealed context)
   at Microsoft.AspNetCore.Mvc.Infrastructure.ControllerActionInvoker.Next(State& next, Scope& scope, Object& state, Boolean& isCompleted)
   at Microsoft.AspNetCore.Mvc.Infrastructure.ControllerActionInvoker.<InvokeInnerFilterAsync>g__Awaited|13_0(ControllerActionInvoker invoker, Task lastTask, State next, Scope scope, Object state, Boolean isCompleted)
   at Microsoft.AspNetCore.Mvc.Infrastructure.ResourceInvoker.<InvokeFilterPipelineAsync>g__Awaited|20_0(ResourceInvoker invoker, Task lastTask, State next, Scope scope, Object state, Boolean isCompleted)
   at Microsoft.AspNetCore.Mvc.Infrastructure.ResourceInvoker.<InvokeAsync>g__Awaited|17_0(ResourceInvoker invoker, Task task, IDisposable scope)
   at Microsoft.AspNetCore.Mvc.Infrastructure.ResourceInvoker.<InvokeAsync>g__Awaited|17_0(ResourceInvoker invoker, Task task, IDisposable scope)
   at Microsoft.AspNetCore.Routing.EndpointMiddleware.<Invoke>g__AwaitRequestTask|6_0(Endpoint endpoint, Task requestTask, ILogger logger)
   at Serilog.AspNetCore.RequestLoggingMiddleware.Invoke(HttpContext httpContext)
2025-08-21 15:14:55.821 +03:00 [ERR] An unexpected error occurred.
System.ArgumentOutOfRangeException: IDX10720: Unable to create KeyedHashAlgorithm for algorithm 'http://www.w3.org/2001/04/xmldsig-more#hmac-sha512', the key size must be greater than: '512' bits, key has '312' bits. See https://aka.ms/IdentityModel/UnsafeRelaxHmacKeySizeValidation (Parameter 'keyBytes')
   at Microsoft.IdentityModel.Tokens.CryptoProviderFactory.ValidateKeySize(Byte[] keyBytes, String algorithm, Int32 expectedNumberOfBytes)
   at Microsoft.IdentityModel.Tokens.CryptoProviderFactory.CreateKeyedHashAlgorithm(Byte[] keyBytes, String algorithm)
   at Microsoft.IdentityModel.Tokens.SymmetricSignatureProvider.CreateKeyedHashAlgorithm()
   at Microsoft.IdentityModel.Tokens.DisposableObjectPool`1.CreateInstance()
   at Microsoft.IdentityModel.Tokens.DisposableObjectPool`1.Allocate()
   at Microsoft.IdentityModel.Tokens.SymmetricSignatureProvider.GetKeyedHashAlgorithm(Byte[] keyBytes, String algorithm)
   at Microsoft.IdentityModel.Tokens.SymmetricSignatureProvider.Sign(Byte[] input)
   at Microsoft.IdentityModel.JsonWebTokens.JwtTokenUtilities.CreateEncodedSignature(String input, SigningCredentials signingCredentials)
   at System.IdentityModel.Tokens.Jwt.JwtSecurityTokenHandler.CreateJwtSecurityTokenPrivate(String issuer, String audience, ClaimsIdentity subject, Nullable`1 notBefore, Nullable`1 expires, Nullable`1 issuedAt, SigningCredentials signingCredentials, EncryptingCredentials encryptingCredentials, IDictionary`2 claimCollection, String tokenType, IDictionary`2 additionalHeaderClaims, IDictionary`2 additionalInnerHeaderClaims)
   at System.IdentityModel.Tokens.Jwt.JwtSecurityTokenHandler.CreateToken(SecurityTokenDescriptor tokenDescriptor)
   at KayraExportTask2Infrastructor.Services.TokenService.GenerateToken(User user) in C:\Users\Furkan Recep Çınar\source\repos\kayra-export-task-2\backend\KayraExportTask2\KayraExportTask2Infrastructor\Services\TokenService.cs:line 49
   at KayraExportTask2API.Controllers.AuthController.Login(LoginDto loginDto) in C:\Users\Furkan Recep Çınar\source\repos\kayra-export-task-2\backend\KayraExportTask2\KayraExportTask2API\Controllers\AuthController.cs:line 32
   at Microsoft.AspNetCore.Mvc.Infrastructure.ActionMethodExecutor.TaskOfIActionResultExecutor.Execute(ActionContext actionContext, IActionResultTypeMapper mapper, ObjectMethodExecutor executor, Object controller, Object[] arguments)
   at Microsoft.AspNetCore.Mvc.Infrastructure.ControllerActionInvoker.<InvokeActionMethodAsync>g__Awaited|12_0(ControllerActionInvoker invoker, ValueTask`1 actionResultValueTask)
   at Microsoft.AspNetCore.Mvc.Infrastructure.ControllerActionInvoker.<InvokeNextActionFilterAsync>g__Awaited|10_0(ControllerActionInvoker invoker, Task lastTask, State next, Scope scope, Object state, Boolean isCompleted)
   at Microsoft.AspNetCore.Mvc.Infrastructure.ControllerActionInvoker.Rethrow(ActionExecutedContextSealed context)
   at Microsoft.AspNetCore.Mvc.Infrastructure.ControllerActionInvoker.Next(State& next, Scope& scope, Object& state, Boolean& isCompleted)
   at Microsoft.AspNetCore.Mvc.Infrastructure.ControllerActionInvoker.<InvokeInnerFilterAsync>g__Awaited|13_0(ControllerActionInvoker invoker, Task lastTask, State next, Scope scope, Object state, Boolean isCompleted)
   at Microsoft.AspNetCore.Mvc.Infrastructure.ResourceInvoker.<InvokeFilterPipelineAsync>g__Awaited|20_0(ResourceInvoker invoker, Task lastTask, State next, Scope scope, Object state, Boolean isCompleted)
   at Microsoft.AspNetCore.Mvc.Infrastructure.ResourceInvoker.<InvokeAsync>g__Awaited|17_0(ResourceInvoker invoker, Task task, IDisposable scope)
   at Microsoft.AspNetCore.Mvc.Infrastructure.ResourceInvoker.<InvokeAsync>g__Awaited|17_0(ResourceInvoker invoker, Task task, IDisposable scope)
   at Microsoft.AspNetCore.Routing.EndpointMiddleware.<Invoke>g__AwaitRequestTask|6_0(Endpoint endpoint, Task requestTask, ILogger logger)
   at Serilog.AspNetCore.RequestLoggingMiddleware.Invoke(HttpContext httpContext)
   at KayraExportTask2API.Middlewares.ExceptionHandlerMiddleware.InvokeAsync(HttpContext httpContext) in C:\Users\Furkan Recep Çınar\source\repos\kayra-export-task-2\backend\KayraExportTask2\KayraExportTask2API\Middlewares\ExceptionHandlerMiddleware.cs:line 23
2025-08-21 15:18:15.426 +03:00 [INF] HTTP POST /api/Auth/login responded 200 in 1185.6351 ms
2025-08-21 21:33:33.166 +03:00 [INF] HTTP POST /api/Auth/register responded 200 in 1916.7865 ms
2025-08-21 21:33:46.824 +03:00 [ERR] HTTP POST /api/Auth/login responded 500 in 307.6930 ms
System.TypeInitializationException: The type initializer for 'System.IdentityModel.Tokens.Jwt.JsonExtensions' threw an exception.
 ---> System.TypeLoadException: Could not load type 'Microsoft.IdentityModel.Json.JsonConvert' from assembly 'Microsoft.IdentityModel.Tokens, Version=8.0.1.0, Culture=neutral, PublicKeyToken=31bf3856ad364e35'.
   at System.IdentityModel.Tokens.Jwt.JsonExtensions..cctor()
   --- End of inner exception stack trace ---
   at System.IdentityModel.Tokens.Jwt.JsonExtensions.get_Serializer()
   at System.IdentityModel.Tokens.Jwt.JsonExtensions.SerializeToJson(Object value)
   at System.IdentityModel.Tokens.Jwt.JwtHeader.SerializeToJson()
   at System.IdentityModel.Tokens.Jwt.JwtHeader.Base64UrlEncode()
   at System.IdentityModel.Tokens.Jwt.JwtSecurityTokenHandler.CreateJwtSecurityTokenPrivate(String issuer, String audience, ClaimsIdentity subject, Nullable`1 notBefore, Nullable`1 expires, Nullable`1 issuedAt, SigningCredentials signingCredentials, EncryptingCredentials encryptingCredentials, IDictionary`2 claimCollection, String tokenType, IDictionary`2 additionalHeaderClaims, IDictionary`2 additionalInnerHeaderClaims)
   at System.IdentityModel.Tokens.Jwt.JwtSecurityTokenHandler.CreateToken(SecurityTokenDescriptor tokenDescriptor)
   at KayraExportTask2Infrastructor.Services.TokenService.GenerateToken(User user) in C:\Users\Furkan Recep Çınar\source\repos\kayra-export-task-2\backend\KayraExportTask2\KayraExportTask2Infrastructor\Services\TokenService.cs:line 49
   at KayraExportTask2API.Controllers.AuthController.Login(LoginDto loginDto) in C:\Users\Furkan Recep Çınar\source\repos\kayra-export-task-2\backend\KayraExportTask2\KayraExportTask2API\Controllers\AuthController.cs:line 32
   at Microsoft.AspNetCore.Mvc.Infrastructure.ActionMethodExecutor.TaskOfIActionResultExecutor.Execute(ActionContext actionContext, IActionResultTypeMapper mapper, ObjectMethodExecutor executor, Object controller, Object[] arguments)
   at Microsoft.AspNetCore.Mvc.Infrastructure.ControllerActionInvoker.<InvokeActionMethodAsync>g__Awaited|12_0(ControllerActionInvoker invoker, ValueTask`1 actionResultValueTask)
   at Microsoft.AspNetCore.Mvc.Infrastructure.ControllerActionInvoker.<InvokeNextActionFilterAsync>g__Awaited|10_0(ControllerActionInvoker invoker, Task lastTask, State next, Scope scope, Object state, Boolean isCompleted)
   at Microsoft.AspNetCore.Mvc.Infrastructure.ControllerActionInvoker.Rethrow(ActionExecutedContextSealed context)
   at Microsoft.AspNetCore.Mvc.Infrastructure.ControllerActionInvoker.Next(State& next, Scope& scope, Object& state, Boolean& isCompleted)
   at Microsoft.AspNetCore.Mvc.Infrastructure.ControllerActionInvoker.<InvokeInnerFilterAsync>g__Awaited|13_0(ControllerActionInvoker invoker, Task lastTask, State next, Scope scope, Object state, Boolean isCompleted)
   at Microsoft.AspNetCore.Mvc.Infrastructure.ResourceInvoker.<InvokeFilterPipelineAsync>g__Awaited|20_0(ResourceInvoker invoker, Task lastTask, State next, Scope scope, Object state, Boolean isCompleted)
   at Microsoft.AspNetCore.Mvc.Infrastructure.ResourceInvoker.<InvokeAsync>g__Awaited|17_0(ResourceInvoker invoker, Task task, IDisposable scope)
   at Microsoft.AspNetCore.Mvc.Infrastructure.ResourceInvoker.<InvokeAsync>g__Awaited|17_0(ResourceInvoker invoker, Task task, IDisposable scope)
   at Microsoft.AspNetCore.Routing.EndpointMiddleware.<Invoke>g__AwaitRequestTask|6_0(Endpoint endpoint, Task requestTask, ILogger logger)
   at Serilog.AspNetCore.RequestLoggingMiddleware.Invoke(HttpContext httpContext)
2025-08-21 21:33:46.914 +03:00 [ERR] An unexpected error occurred.
System.TypeInitializationException: The type initializer for 'System.IdentityModel.Tokens.Jwt.JsonExtensions' threw an exception.
 ---> System.TypeLoadException: Could not load type 'Microsoft.IdentityModel.Json.JsonConvert' from assembly 'Microsoft.IdentityModel.Tokens, Version=8.0.1.0, Culture=neutral, PublicKeyToken=31bf3856ad364e35'.
   at System.IdentityModel.Tokens.Jwt.JsonExtensions..cctor()
   --- End of inner exception stack trace ---
   at System.IdentityModel.Tokens.Jwt.JsonExtensions.get_Serializer()
   at System.IdentityModel.Tokens.Jwt.JsonExtensions.SerializeToJson(Object value)
   at System.IdentityModel.Tokens.Jwt.JwtHeader.SerializeToJson()
   at System.IdentityModel.Tokens.Jwt.JwtHeader.Base64UrlEncode()
   at System.IdentityModel.Tokens.Jwt.JwtSecurityTokenHandler.CreateJwtSecurityTokenPrivate(String issuer, String audience, ClaimsIdentity subject, Nullable`1 notBefore, Nullable`1 expires, Nullable`1 issuedAt, SigningCredentials signingCredentials, EncryptingCredentials encryptingCredentials, IDictionary`2 claimCollection, String tokenType, IDictionary`2 additionalHeaderClaims, IDictionary`2 additionalInnerHeaderClaims)
   at System.IdentityModel.Tokens.Jwt.JwtSecurityTokenHandler.CreateToken(SecurityTokenDescriptor tokenDescriptor)
   at KayraExportTask2Infrastructor.Services.TokenService.GenerateToken(User user) in C:\Users\Furkan Recep Çınar\source\repos\kayra-export-task-2\backend\KayraExportTask2\KayraExportTask2Infrastructor\Services\TokenService.cs:line 49
   at KayraExportTask2API.Controllers.AuthController.Login(LoginDto loginDto) in C:\Users\Furkan Recep Çınar\source\repos\kayra-export-task-2\backend\KayraExportTask2\KayraExportTask2API\Controllers\AuthController.cs:line 32
   at Microsoft.AspNetCore.Mvc.Infrastructure.ActionMethodExecutor.TaskOfIActionResultExecutor.Execute(ActionContext actionContext, IActionResultTypeMapper mapper, ObjectMethodExecutor executor, Object controller, Object[] arguments)
   at Microsoft.AspNetCore.Mvc.Infrastructure.ControllerActionInvoker.<InvokeActionMethodAsync>g__Awaited|12_0(ControllerActionInvoker invoker, ValueTask`1 actionResultValueTask)
   at Microsoft.AspNetCore.Mvc.Infrastructure.ControllerActionInvoker.<InvokeNextActionFilterAsync>g__Awaited|10_0(ControllerActionInvoker invoker, Task lastTask, State next, Scope scope, Object state, Boolean isCompleted)
   at Microsoft.AspNetCore.Mvc.Infrastructure.ControllerActionInvoker.Rethrow(ActionExecutedContextSealed context)
   at Microsoft.AspNetCore.Mvc.Infrastructure.ControllerActionInvoker.Next(State& next, Scope& scope, Object& state, Boolean& isCompleted)
   at Microsoft.AspNetCore.Mvc.Infrastructure.ControllerActionInvoker.<InvokeInnerFilterAsync>g__Awaited|13_0(ControllerActionInvoker invoker, Task lastTask, State next, Scope scope, Object state, Boolean isCompleted)
   at Microsoft.AspNetCore.Mvc.Infrastructure.ResourceInvoker.<InvokeFilterPipelineAsync>g__Awaited|20_0(ResourceInvoker invoker, Task lastTask, State next, Scope scope, Object state, Boolean isCompleted)
   at Microsoft.AspNetCore.Mvc.Infrastructure.ResourceInvoker.<InvokeAsync>g__Awaited|17_0(ResourceInvoker invoker, Task task, IDisposable scope)
   at Microsoft.AspNetCore.Mvc.Infrastructure.ResourceInvoker.<InvokeAsync>g__Awaited|17_0(ResourceInvoker invoker, Task task, IDisposable scope)
   at Microsoft.AspNetCore.Routing.EndpointMiddleware.<Invoke>g__AwaitRequestTask|6_0(Endpoint endpoint, Task requestTask, ILogger logger)
   at Serilog.AspNetCore.RequestLoggingMiddleware.Invoke(HttpContext httpContext)
   at KayraExportTask2API.Middlewares.ExceptionHandlerMiddleware.InvokeAsync(HttpContext httpContext) in C:\Users\Furkan Recep Çınar\source\repos\kayra-export-task-2\backend\KayraExportTask2\KayraExportTask2API\Middlewares\ExceptionHandlerMiddleware.cs:line 23
2025-08-21 21:35:28.416 +03:00 [ERR] HTTP POST /api/Auth/login responded 500 in 1098.5327 ms
System.TypeInitializationException: The type initializer for 'System.IdentityModel.Tokens.Jwt.JsonExtensions' threw an exception.
 ---> System.TypeLoadException: Could not load type 'Microsoft.IdentityModel.Json.JsonConvert' from assembly 'Microsoft.IdentityModel.Tokens, Version=8.0.1.0, Culture=neutral, PublicKeyToken=31bf3856ad364e35'.
   at System.IdentityModel.Tokens.Jwt.JsonExtensions..cctor()
   --- End of inner exception stack trace ---
   at System.IdentityModel.Tokens.Jwt.JsonExtensions.get_Serializer()
   at System.IdentityModel.Tokens.Jwt.JsonExtensions.SerializeToJson(Object value)
   at System.IdentityModel.Tokens.Jwt.JwtHeader.SerializeToJson()
   at System.IdentityModel.Tokens.Jwt.JwtHeader.Base64UrlEncode()
   at System.IdentityModel.Tokens.Jwt.JwtSecurityTokenHandler.CreateJwtSecurityTokenPrivate(String issuer, String audience, ClaimsIdentity subject, Nullable`1 notBefore, Nullable`1 expires, Nullable`1 issuedAt, SigningCredentials signingCredentials, EncryptingCredentials encryptingCredentials, IDictionary`2 claimCollection, String tokenType, IDictionary`2 additionalHeaderClaims, IDictionary`2 additionalInnerHeaderClaims)
   at System.IdentityModel.Tokens.Jwt.JwtSecurityTokenHandler.CreateToken(SecurityTokenDescriptor tokenDescriptor)
   at KayraExportTask2Infrastructor.Services.TokenService.GenerateToken(User user) in C:\Users\Furkan Recep Çınar\source\repos\kayra-export-task-2\backend\KayraExportTask2\KayraExportTask2Infrastructor\Services\TokenService.cs:line 49
   at KayraExportTask2API.Controllers.AuthController.Login(LoginDto loginDto) in C:\Users\Furkan Recep Çınar\source\repos\kayra-export-task-2\backend\KayraExportTask2\KayraExportTask2API\Controllers\AuthController.cs:line 32
   at Microsoft.AspNetCore.Mvc.Infrastructure.ActionMethodExecutor.TaskOfIActionResultExecutor.Execute(ActionContext actionContext, IActionResultTypeMapper mapper, ObjectMethodExecutor executor, Object controller, Object[] arguments)
   at Microsoft.AspNetCore.Mvc.Infrastructure.ControllerActionInvoker.<InvokeActionMethodAsync>g__Awaited|12_0(ControllerActionInvoker invoker, ValueTask`1 actionResultValueTask)
   at Microsoft.AspNetCore.Mvc.Infrastructure.ControllerActionInvoker.<InvokeNextActionFilterAsync>g__Awaited|10_0(ControllerActionInvoker invoker, Task lastTask, State next, Scope scope, Object state, Boolean isCompleted)
   at Microsoft.AspNetCore.Mvc.Infrastructure.ControllerActionInvoker.Rethrow(ActionExecutedContextSealed context)
   at Microsoft.AspNetCore.Mvc.Infrastructure.ControllerActionInvoker.Next(State& next, Scope& scope, Object& state, Boolean& isCompleted)
   at Microsoft.AspNetCore.Mvc.Infrastructure.ControllerActionInvoker.<InvokeInnerFilterAsync>g__Awaited|13_0(ControllerActionInvoker invoker, Task lastTask, State next, Scope scope, Object state, Boolean isCompleted)
   at Microsoft.AspNetCore.Mvc.Infrastructure.ResourceInvoker.<InvokeFilterPipelineAsync>g__Awaited|20_0(ResourceInvoker invoker, Task lastTask, State next, Scope scope, Object state, Boolean isCompleted)
   at Microsoft.AspNetCore.Mvc.Infrastructure.ResourceInvoker.<InvokeAsync>g__Awaited|17_0(ResourceInvoker invoker, Task task, IDisposable scope)
   at Microsoft.AspNetCore.Mvc.Infrastructure.ResourceInvoker.<InvokeAsync>g__Awaited|17_0(ResourceInvoker invoker, Task task, IDisposable scope)
   at Microsoft.AspNetCore.Routing.EndpointMiddleware.<Invoke>g__AwaitRequestTask|6_0(Endpoint endpoint, Task requestTask, ILogger logger)
   at Serilog.AspNetCore.RequestLoggingMiddleware.Invoke(HttpContext httpContext)
2025-08-21 21:35:28.522 +03:00 [ERR] An unexpected error occurred.
System.TypeInitializationException: The type initializer for 'System.IdentityModel.Tokens.Jwt.JsonExtensions' threw an exception.
 ---> System.TypeLoadException: Could not load type 'Microsoft.IdentityModel.Json.JsonConvert' from assembly 'Microsoft.IdentityModel.Tokens, Version=8.0.1.0, Culture=neutral, PublicKeyToken=31bf3856ad364e35'.
   at System.IdentityModel.Tokens.Jwt.JsonExtensions..cctor()
   --- End of inner exception stack trace ---
   at System.IdentityModel.Tokens.Jwt.JsonExtensions.get_Serializer()
   at System.IdentityModel.Tokens.Jwt.JsonExtensions.SerializeToJson(Object value)
   at System.IdentityModel.Tokens.Jwt.JwtHeader.SerializeToJson()
   at System.IdentityModel.Tokens.Jwt.JwtHeader.Base64UrlEncode()
   at System.IdentityModel.Tokens.Jwt.JwtSecurityTokenHandler.CreateJwtSecurityTokenPrivate(String issuer, String audience, ClaimsIdentity subject, Nullable`1 notBefore, Nullable`1 expires, Nullable`1 issuedAt, SigningCredentials signingCredentials, EncryptingCredentials encryptingCredentials, IDictionary`2 claimCollection, String tokenType, IDictionary`2 additionalHeaderClaims, IDictionary`2 additionalInnerHeaderClaims)
   at System.IdentityModel.Tokens.Jwt.JwtSecurityTokenHandler.CreateToken(SecurityTokenDescriptor tokenDescriptor)
   at KayraExportTask2Infrastructor.Services.TokenService.GenerateToken(User user) in C:\Users\Furkan Recep Çınar\source\repos\kayra-export-task-2\backend\KayraExportTask2\KayraExportTask2Infrastructor\Services\TokenService.cs:line 49
   at KayraExportTask2API.Controllers.AuthController.Login(LoginDto loginDto) in C:\Users\Furkan Recep Çınar\source\repos\kayra-export-task-2\backend\KayraExportTask2\KayraExportTask2API\Controllers\AuthController.cs:line 32
   at Microsoft.AspNetCore.Mvc.Infrastructure.ActionMethodExecutor.TaskOfIActionResultExecutor.Execute(ActionContext actionContext, IActionResultTypeMapper mapper, ObjectMethodExecutor executor, Object controller, Object[] arguments)
   at Microsoft.AspNetCore.Mvc.Infrastructure.ControllerActionInvoker.<InvokeActionMethodAsync>g__Awaited|12_0(ControllerActionInvoker invoker, ValueTask`1 actionResultValueTask)
   at Microsoft.AspNetCore.Mvc.Infrastructure.ControllerActionInvoker.<InvokeNextActionFilterAsync>g__Awaited|10_0(ControllerActionInvoker invoker, Task lastTask, State next, Scope scope, Object state, Boolean isCompleted)
   at Microsoft.AspNetCore.Mvc.Infrastructure.ControllerActionInvoker.Rethrow(ActionExecutedContextSealed context)
   at Microsoft.AspNetCore.Mvc.Infrastructure.ControllerActionInvoker.Next(State& next, Scope& scope, Object& state, Boolean& isCompleted)
   at Microsoft.AspNetCore.Mvc.Infrastructure.ControllerActionInvoker.<InvokeInnerFilterAsync>g__Awaited|13_0(ControllerActionInvoker invoker, Task lastTask, State next, Scope scope, Object state, Boolean isCompleted)
   at Microsoft.AspNetCore.Mvc.Infrastructure.ResourceInvoker.<InvokeFilterPipelineAsync>g__Awaited|20_0(ResourceInvoker invoker, Task lastTask, State next, Scope scope, Object state, Boolean isCompleted)
   at Microsoft.AspNetCore.Mvc.Infrastructure.ResourceInvoker.<InvokeAsync>g__Awaited|17_0(ResourceInvoker invoker, Task task, IDisposable scope)
   at Microsoft.AspNetCore.Mvc.Infrastructure.ResourceInvoker.<InvokeAsync>g__Awaited|17_0(ResourceInvoker invoker, Task task, IDisposable scope)
   at Microsoft.AspNetCore.Routing.EndpointMiddleware.<Invoke>g__AwaitRequestTask|6_0(Endpoint endpoint, Task requestTask, ILogger logger)
   at Serilog.AspNetCore.RequestLoggingMiddleware.Invoke(HttpContext httpContext)
   at KayraExportTask2API.Middlewares.ExceptionHandlerMiddleware.InvokeAsync(HttpContext httpContext) in C:\Users\Furkan Recep Çınar\source\repos\kayra-export-task-2\backend\KayraExportTask2\KayraExportTask2API\Middlewares\ExceptionHandlerMiddleware.cs:line 23
2025-08-21 21:36:51.509 +03:00 [ERR] HTTP POST /api/Auth/login responded 500 in 1240.3437 ms
System.TypeInitializationException: The type initializer for 'System.IdentityModel.Tokens.Jwt.JsonExtensions' threw an exception.
 ---> System.TypeLoadException: Could not load type 'Microsoft.IdentityModel.Json.JsonConvert' from assembly 'Microsoft.IdentityModel.Tokens, Version=8.14.0.0, Culture=neutral, PublicKeyToken=31bf3856ad364e35'.
   at System.IdentityModel.Tokens.Jwt.JsonExtensions..cctor()
   --- End of inner exception stack trace ---
   at System.IdentityModel.Tokens.Jwt.JsonExtensions.get_Serializer()
   at System.IdentityModel.Tokens.Jwt.JsonExtensions.SerializeToJson(Object value)
   at System.IdentityModel.Tokens.Jwt.JwtHeader.SerializeToJson()
   at System.IdentityModel.Tokens.Jwt.JwtHeader.Base64UrlEncode()
   at System.IdentityModel.Tokens.Jwt.JwtSecurityTokenHandler.CreateJwtSecurityTokenPrivate(String issuer, String audience, ClaimsIdentity subject, Nullable`1 notBefore, Nullable`1 expires, Nullable`1 issuedAt, SigningCredentials signingCredentials, EncryptingCredentials encryptingCredentials, IDictionary`2 claimCollection, String tokenType, IDictionary`2 additionalHeaderClaims, IDictionary`2 additionalInnerHeaderClaims)
   at System.IdentityModel.Tokens.Jwt.JwtSecurityTokenHandler.CreateToken(SecurityTokenDescriptor tokenDescriptor)
   at KayraExportTask2Infrastructor.Services.TokenService.GenerateToken(User user) in C:\Users\Furkan Recep Çınar\source\repos\kayra-export-task-2\backend\KayraExportTask2\KayraExportTask2Infrastructor\Services\TokenService.cs:line 49
   at KayraExportTask2API.Controllers.AuthController.Login(LoginDto loginDto) in C:\Users\Furkan Recep Çınar\source\repos\kayra-export-task-2\backend\KayraExportTask2\KayraExportTask2API\Controllers\AuthController.cs:line 32
   at Microsoft.AspNetCore.Mvc.Infrastructure.ActionMethodExecutor.TaskOfIActionResultExecutor.Execute(ActionContext actionContext, IActionResultTypeMapper mapper, ObjectMethodExecutor executor, Object controller, Object[] arguments)
   at Microsoft.AspNetCore.Mvc.Infrastructure.ControllerActionInvoker.<InvokeActionMethodAsync>g__Awaited|12_0(ControllerActionInvoker invoker, ValueTask`1 actionResultValueTask)
   at Microsoft.AspNetCore.Mvc.Infrastructure.ControllerActionInvoker.<InvokeNextActionFilterAsync>g__Awaited|10_0(ControllerActionInvoker invoker, Task lastTask, State next, Scope scope, Object state, Boolean isCompleted)
   at Microsoft.AspNetCore.Mvc.Infrastructure.ControllerActionInvoker.Rethrow(ActionExecutedContextSealed context)
   at Microsoft.AspNetCore.Mvc.Infrastructure.ControllerActionInvoker.Next(State& next, Scope& scope, Object& state, Boolean& isCompleted)
   at Microsoft.AspNetCore.Mvc.Infrastructure.ControllerActionInvoker.<InvokeInnerFilterAsync>g__Awaited|13_0(ControllerActionInvoker invoker, Task lastTask, State next, Scope scope, Object state, Boolean isCompleted)
   at Microsoft.AspNetCore.Mvc.Infrastructure.ResourceInvoker.<InvokeFilterPipelineAsync>g__Awaited|20_0(ResourceInvoker invoker, Task lastTask, State next, Scope scope, Object state, Boolean isCompleted)
   at Microsoft.AspNetCore.Mvc.Infrastructure.ResourceInvoker.<InvokeAsync>g__Awaited|17_0(ResourceInvoker invoker, Task task, IDisposable scope)
   at Microsoft.AspNetCore.Mvc.Infrastructure.ResourceInvoker.<InvokeAsync>g__Awaited|17_0(ResourceInvoker invoker, Task task, IDisposable scope)
   at Microsoft.AspNetCore.Routing.EndpointMiddleware.<Invoke>g__AwaitRequestTask|6_0(Endpoint endpoint, Task requestTask, ILogger logger)
   at Serilog.AspNetCore.RequestLoggingMiddleware.Invoke(HttpContext httpContext)
2025-08-21 21:36:51.648 +03:00 [ERR] An unexpected error occurred.
System.TypeInitializationException: The type initializer for 'System.IdentityModel.Tokens.Jwt.JsonExtensions' threw an exception.
 ---> System.TypeLoadException: Could not load type 'Microsoft.IdentityModel.Json.JsonConvert' from assembly 'Microsoft.IdentityModel.Tokens, Version=8.14.0.0, Culture=neutral, PublicKeyToken=31bf3856ad364e35'.
   at System.IdentityModel.Tokens.Jwt.JsonExtensions..cctor()
   --- End of inner exception stack trace ---
   at System.IdentityModel.Tokens.Jwt.JsonExtensions.get_Serializer()
   at System.IdentityModel.Tokens.Jwt.JsonExtensions.SerializeToJson(Object value)
   at System.IdentityModel.Tokens.Jwt.JwtHeader.SerializeToJson()
   at System.IdentityModel.Tokens.Jwt.JwtHeader.Base64UrlEncode()
   at System.IdentityModel.Tokens.Jwt.JwtSecurityTokenHandler.CreateJwtSecurityTokenPrivate(String issuer, String audience, ClaimsIdentity subject, Nullable`1 notBefore, Nullable`1 expires, Nullable`1 issuedAt, SigningCredentials signingCredentials, EncryptingCredentials encryptingCredentials, IDictionary`2 claimCollection, String tokenType, IDictionary`2 additionalHeaderClaims, IDictionary`2 additionalInnerHeaderClaims)
   at System.IdentityModel.Tokens.Jwt.JwtSecurityTokenHandler.CreateToken(SecurityTokenDescriptor tokenDescriptor)
   at KayraExportTask2Infrastructor.Services.TokenService.GenerateToken(User user) in C:\Users\Furkan Recep Çınar\source\repos\kayra-export-task-2\backend\KayraExportTask2\KayraExportTask2Infrastructor\Services\TokenService.cs:line 49
   at KayraExportTask2API.Controllers.AuthController.Login(LoginDto loginDto) in C:\Users\Furkan Recep Çınar\source\repos\kayra-export-task-2\backend\KayraExportTask2\KayraExportTask2API\Controllers\AuthController.cs:line 32
   at Microsoft.AspNetCore.Mvc.Infrastructure.ActionMethodExecutor.TaskOfIActionResultExecutor.Execute(ActionContext actionContext, IActionResultTypeMapper mapper, ObjectMethodExecutor executor, Object controller, Object[] arguments)
   at Microsoft.AspNetCore.Mvc.Infrastructure.ControllerActionInvoker.<InvokeActionMethodAsync>g__Awaited|12_0(ControllerActionInvoker invoker, ValueTask`1 actionResultValueTask)
   at Microsoft.AspNetCore.Mvc.Infrastructure.ControllerActionInvoker.<InvokeNextActionFilterAsync>g__Awaited|10_0(ControllerActionInvoker invoker, Task lastTask, State next, Scope scope, Object state, Boolean isCompleted)
   at Microsoft.AspNetCore.Mvc.Infrastructure.ControllerActionInvoker.Rethrow(ActionExecutedContextSealed context)
   at Microsoft.AspNetCore.Mvc.Infrastructure.ControllerActionInvoker.Next(State& next, Scope& scope, Object& state, Boolean& isCompleted)
   at Microsoft.AspNetCore.Mvc.Infrastructure.ControllerActionInvoker.<InvokeInnerFilterAsync>g__Awaited|13_0(ControllerActionInvoker invoker, Task lastTask, State next, Scope scope, Object state, Boolean isCompleted)
   at Microsoft.AspNetCore.Mvc.Infrastructure.ResourceInvoker.<InvokeFilterPipelineAsync>g__Awaited|20_0(ResourceInvoker invoker, Task lastTask, State next, Scope scope, Object state, Boolean isCompleted)
   at Microsoft.AspNetCore.Mvc.Infrastructure.ResourceInvoker.<InvokeAsync>g__Awaited|17_0(ResourceInvoker invoker, Task task, IDisposable scope)
   at Microsoft.AspNetCore.Mvc.Infrastructure.ResourceInvoker.<InvokeAsync>g__Awaited|17_0(ResourceInvoker invoker, Task task, IDisposable scope)
   at Microsoft.AspNetCore.Routing.EndpointMiddleware.<Invoke>g__AwaitRequestTask|6_0(Endpoint endpoint, Task requestTask, ILogger logger)
   at Serilog.AspNetCore.RequestLoggingMiddleware.Invoke(HttpContext httpContext)
   at KayraExportTask2API.Middlewares.ExceptionHandlerMiddleware.InvokeAsync(HttpContext httpContext) in C:\Users\Furkan Recep Çınar\source\repos\kayra-export-task-2\backend\KayraExportTask2\KayraExportTask2API\Middlewares\ExceptionHandlerMiddleware.cs:line 23
2025-08-21 21:44:46.122 +03:00 [INF] HTTP POST /api/Auth/login responded 200 in 1941.0942 ms
2025-08-21 21:49:25.920 +03:00 [INF] HTTP POST /api/Auth/login responded 200 in 1996.3140 ms
2025-08-21 21:50:30.163 +03:00 [INF] HTTP POST /api/Auth/login responded 200 in 184.6841 ms
2025-08-21 21:51:55.319 +03:00 [WRN] You do not have a valid license key for the Lucky Penny software MediatR. This is allowed for development and testing scenarios. If you are running in production you are required to have a licensed version. Please visit https://luckypennysoftware.com to obtain a valid license.
2025-08-21 21:52:02.900 +03:00 [ERR] HTTP POST /api/Product responded 500 in 7592.6406 ms
System.InvalidOperationException: No service for type 'MediatR.IRequestHandler`2[KayraExportTask2Application.Features.Products.Commands.AddProductCommand,System.Boolean]' has been registered.
   at Microsoft.Extensions.DependencyInjection.ServiceProviderServiceExtensions.GetRequiredService(IServiceProvider provider, Type serviceType)
   at Microsoft.Extensions.DependencyInjection.ServiceProviderServiceExtensions.GetRequiredService[T](IServiceProvider provider)
   at MediatR.Wrappers.RequestHandlerWrapperImpl`2.<>c__DisplayClass1_0.<Handle>g__Handler|0(CancellationToken t)
   at MediatR.Wrappers.RequestHandlerWrapperImpl`2.Handle(IRequest`1 request, IServiceProvider serviceProvider, CancellationToken cancellationToken)
   at MediatR.Mediator.Send[TResponse](IRequest`1 request, CancellationToken cancellationToken)
   at KayraExportTask2API.Controllers.ProductController.AddProduct(AddProductCommand command) in C:\Users\Furkan Recep Çınar\source\repos\kayra-export-task-2\backend\KayraExportTask2\KayraExportTask2API\Controllers\ProductController.cs:line 24
   at Microsoft.AspNetCore.Mvc.Infrastructure.ActionMethodExecutor.TaskOfIActionResultExecutor.Execute(ActionContext actionContext, IActionResultTypeMapper mapper, ObjectMethodExecutor executor, Object controller, Object[] arguments)
   at Microsoft.AspNetCore.Mvc.Infrastructure.ControllerActionInvoker.<InvokeActionMethodAsync>g__Awaited|12_0(ControllerActionInvoker invoker, ValueTask`1 actionResultValueTask)
   at Microsoft.AspNetCore.Mvc.Infrastructure.ControllerActionInvoker.<InvokeNextActionFilterAsync>g__Awaited|10_0(ControllerActionInvoker invoker, Task lastTask, State next, Scope scope, Object state, Boolean isCompleted)
   at Microsoft.AspNetCore.Mvc.Infrastructure.ControllerActionInvoker.Rethrow(ActionExecutedContextSealed context)
   at Microsoft.AspNetCore.Mvc.Infrastructure.ControllerActionInvoker.Next(State& next, Scope& scope, Object& state, Boolean& isCompleted)
   at Microsoft.AspNetCore.Mvc.Infrastructure.ControllerActionInvoker.InvokeInnerFilterAsync()
--- End of stack trace from previous location ---
   at Microsoft.AspNetCore.Mvc.Infrastructure.ResourceInvoker.<InvokeFilterPipelineAsync>g__Awaited|20_0(ResourceInvoker invoker, Task lastTask, State next, Scope scope, Object state, Boolean isCompleted)
   at Microsoft.AspNetCore.Mvc.Infrastructure.ResourceInvoker.<InvokeAsync>g__Awaited|17_0(ResourceInvoker invoker, Task task, IDisposable scope)
   at Microsoft.AspNetCore.Mvc.Infrastructure.ResourceInvoker.<InvokeAsync>g__Awaited|17_0(ResourceInvoker invoker, Task task, IDisposable scope)
   at Microsoft.AspNetCore.Routing.EndpointMiddleware.<Invoke>g__AwaitRequestTask|6_0(Endpoint endpoint, Task requestTask, ILogger logger)
   at Serilog.AspNetCore.RequestLoggingMiddleware.Invoke(HttpContext httpContext)
2025-08-21 21:52:06.608 +03:00 [ERR] An unexpected error occurred.
System.InvalidOperationException: No service for type 'MediatR.IRequestHandler`2[KayraExportTask2Application.Features.Products.Commands.AddProductCommand,System.Boolean]' has been registered.
   at Microsoft.Extensions.DependencyInjection.ServiceProviderServiceExtensions.GetRequiredService(IServiceProvider provider, Type serviceType)
   at Microsoft.Extensions.DependencyInjection.ServiceProviderServiceExtensions.GetRequiredService[T](IServiceProvider provider)
   at MediatR.Wrappers.RequestHandlerWrapperImpl`2.<>c__DisplayClass1_0.<Handle>g__Handler|0(CancellationToken t)
   at MediatR.Wrappers.RequestHandlerWrapperImpl`2.Handle(IRequest`1 request, IServiceProvider serviceProvider, CancellationToken cancellationToken)
   at MediatR.Mediator.Send[TResponse](IRequest`1 request, CancellationToken cancellationToken)
   at KayraExportTask2API.Controllers.ProductController.AddProduct(AddProductCommand command) in C:\Users\Furkan Recep Çınar\source\repos\kayra-export-task-2\backend\KayraExportTask2\KayraExportTask2API\Controllers\ProductController.cs:line 24
   at Microsoft.AspNetCore.Mvc.Infrastructure.ActionMethodExecutor.TaskOfIActionResultExecutor.Execute(ActionContext actionContext, IActionResultTypeMapper mapper, ObjectMethodExecutor executor, Object controller, Object[] arguments)
   at Microsoft.AspNetCore.Mvc.Infrastructure.ControllerActionInvoker.<InvokeActionMethodAsync>g__Awaited|12_0(ControllerActionInvoker invoker, ValueTask`1 actionResultValueTask)
   at Microsoft.AspNetCore.Mvc.Infrastructure.ControllerActionInvoker.<InvokeNextActionFilterAsync>g__Awaited|10_0(ControllerActionInvoker invoker, Task lastTask, State next, Scope scope, Object state, Boolean isCompleted)
   at Microsoft.AspNetCore.Mvc.Infrastructure.ControllerActionInvoker.Rethrow(ActionExecutedContextSealed context)
   at Microsoft.AspNetCore.Mvc.Infrastructure.ControllerActionInvoker.Next(State& next, Scope& scope, Object& state, Boolean& isCompleted)
   at Microsoft.AspNetCore.Mvc.Infrastructure.ControllerActionInvoker.InvokeInnerFilterAsync()
--- End of stack trace from previous location ---
   at Microsoft.AspNetCore.Mvc.Infrastructure.ResourceInvoker.<InvokeFilterPipelineAsync>g__Awaited|20_0(ResourceInvoker invoker, Task lastTask, State next, Scope scope, Object state, Boolean isCompleted)
   at Microsoft.AspNetCore.Mvc.Infrastructure.ResourceInvoker.<InvokeAsync>g__Awaited|17_0(ResourceInvoker invoker, Task task, IDisposable scope)
   at Microsoft.AspNetCore.Mvc.Infrastructure.ResourceInvoker.<InvokeAsync>g__Awaited|17_0(ResourceInvoker invoker, Task task, IDisposable scope)
   at Microsoft.AspNetCore.Routing.EndpointMiddleware.<Invoke>g__AwaitRequestTask|6_0(Endpoint endpoint, Task requestTask, ILogger logger)
   at Serilog.AspNetCore.RequestLoggingMiddleware.Invoke(HttpContext httpContext)
   at KayraExportTask2API.Middlewares.ExceptionHandlerMiddleware.InvokeAsync(HttpContext httpContext) in C:\Users\Furkan Recep Çınar\source\repos\kayra-export-task-2\backend\KayraExportTask2\KayraExportTask2API\Middlewares\ExceptionHandlerMiddleware.cs:line 23
2025-08-21 21:52:21.665 +03:00 [ERR] HTTP POST /api/Product responded 500 in 2839.2726 ms
System.InvalidOperationException: No service for type 'MediatR.IRequestHandler`2[KayraExportTask2Application.Features.Products.Commands.AddProductCommand,System.Boolean]' has been registered.
   at Microsoft.Extensions.DependencyInjection.ServiceProviderServiceExtensions.GetRequiredService(IServiceProvider provider, Type serviceType)
   at Microsoft.Extensions.DependencyInjection.ServiceProviderServiceExtensions.GetRequiredService[T](IServiceProvider provider)
   at MediatR.Wrappers.RequestHandlerWrapperImpl`2.<>c__DisplayClass1_0.<Handle>g__Handler|0(CancellationToken t)
   at MediatR.Wrappers.RequestHandlerWrapperImpl`2.Handle(IRequest`1 request, IServiceProvider serviceProvider, CancellationToken cancellationToken)
   at MediatR.Mediator.Send[TResponse](IRequest`1 request, CancellationToken cancellationToken)
   at KayraExportTask2API.Controllers.ProductController.AddProduct(AddProductCommand command) in C:\Users\Furkan Recep Çınar\source\repos\kayra-export-task-2\backend\KayraExportTask2\KayraExportTask2API\Controllers\ProductController.cs:line 24
   at Microsoft.AspNetCore.Mvc.Infrastructure.ActionMethodExecutor.TaskOfIActionResultExecutor.Execute(ActionContext actionContext, IActionResultTypeMapper mapper, ObjectMethodExecutor executor, Object controller, Object[] arguments)
   at Microsoft.AspNetCore.Mvc.Infrastructure.ControllerActionInvoker.<InvokeActionMethodAsync>g__Awaited|12_0(ControllerActionInvoker invoker, ValueTask`1 actionResultValueTask)
   at Microsoft.AspNetCore.Mvc.Infrastructure.ControllerActionInvoker.<InvokeNextActionFilterAsync>g__Awaited|10_0(ControllerActionInvoker invoker, Task lastTask, State next, Scope scope, Object state, Boolean isCompleted)
   at Microsoft.AspNetCore.Mvc.Infrastructure.ControllerActionInvoker.Rethrow(ActionExecutedContextSealed context)
   at Microsoft.AspNetCore.Mvc.Infrastructure.ControllerActionInvoker.Next(State& next, Scope& scope, Object& state, Boolean& isCompleted)
   at Microsoft.AspNetCore.Mvc.Infrastructure.ControllerActionInvoker.InvokeInnerFilterAsync()
--- End of stack trace from previous location ---
   at Microsoft.AspNetCore.Mvc.Infrastructure.ResourceInvoker.<InvokeFilterPipelineAsync>g__Awaited|20_0(ResourceInvoker invoker, Task lastTask, State next, Scope scope, Object state, Boolean isCompleted)
   at Microsoft.AspNetCore.Mvc.Infrastructure.ResourceInvoker.<InvokeAsync>g__Awaited|17_0(ResourceInvoker invoker, Task task, IDisposable scope)
   at Microsoft.AspNetCore.Mvc.Infrastructure.ResourceInvoker.<InvokeAsync>g__Awaited|17_0(ResourceInvoker invoker, Task task, IDisposable scope)
   at Microsoft.AspNetCore.Routing.EndpointMiddleware.<Invoke>g__AwaitRequestTask|6_0(Endpoint endpoint, Task requestTask, ILogger logger)
   at Serilog.AspNetCore.RequestLoggingMiddleware.Invoke(HttpContext httpContext)
2025-08-21 21:53:24.636 +03:00 [ERR] An unexpected error occurred.
System.InvalidOperationException: No service for type 'MediatR.IRequestHandler`2[KayraExportTask2Application.Features.Products.Commands.AddProductCommand,System.Boolean]' has been registered.
   at Microsoft.Extensions.DependencyInjection.ServiceProviderServiceExtensions.GetRequiredService(IServiceProvider provider, Type serviceType)
   at Microsoft.Extensions.DependencyInjection.ServiceProviderServiceExtensions.GetRequiredService[T](IServiceProvider provider)
   at MediatR.Wrappers.RequestHandlerWrapperImpl`2.<>c__DisplayClass1_0.<Handle>g__Handler|0(CancellationToken t)
   at MediatR.Wrappers.RequestHandlerWrapperImpl`2.Handle(IRequest`1 request, IServiceProvider serviceProvider, CancellationToken cancellationToken)
   at MediatR.Mediator.Send[TResponse](IRequest`1 request, CancellationToken cancellationToken)
   at KayraExportTask2API.Controllers.ProductController.AddProduct(AddProductCommand command) in C:\Users\Furkan Recep Çınar\source\repos\kayra-export-task-2\backend\KayraExportTask2\KayraExportTask2API\Controllers\ProductController.cs:line 24
   at Microsoft.AspNetCore.Mvc.Infrastructure.ActionMethodExecutor.TaskOfIActionResultExecutor.Execute(ActionContext actionContext, IActionResultTypeMapper mapper, ObjectMethodExecutor executor, Object controller, Object[] arguments)
   at Microsoft.AspNetCore.Mvc.Infrastructure.ControllerActionInvoker.<InvokeActionMethodAsync>g__Awaited|12_0(ControllerActionInvoker invoker, ValueTask`1 actionResultValueTask)
   at Microsoft.AspNetCore.Mvc.Infrastructure.ControllerActionInvoker.<InvokeNextActionFilterAsync>g__Awaited|10_0(ControllerActionInvoker invoker, Task lastTask, State next, Scope scope, Object state, Boolean isCompleted)
   at Microsoft.AspNetCore.Mvc.Infrastructure.ControllerActionInvoker.Rethrow(ActionExecutedContextSealed context)
   at Microsoft.AspNetCore.Mvc.Infrastructure.ControllerActionInvoker.Next(State& next, Scope& scope, Object& state, Boolean& isCompleted)
   at Microsoft.AspNetCore.Mvc.Infrastructure.ControllerActionInvoker.InvokeInnerFilterAsync()
--- End of stack trace from previous location ---
   at Microsoft.AspNetCore.Mvc.Infrastructure.ResourceInvoker.<InvokeFilterPipelineAsync>g__Awaited|20_0(ResourceInvoker invoker, Task lastTask, State next, Scope scope, Object state, Boolean isCompleted)
   at Microsoft.AspNetCore.Mvc.Infrastructure.ResourceInvoker.<InvokeAsync>g__Awaited|17_0(ResourceInvoker invoker, Task task, IDisposable scope)
   at Microsoft.AspNetCore.Mvc.Infrastructure.ResourceInvoker.<InvokeAsync>g__Awaited|17_0(ResourceInvoker invoker, Task task, IDisposable scope)
   at Microsoft.AspNetCore.Routing.EndpointMiddleware.<Invoke>g__AwaitRequestTask|6_0(Endpoint endpoint, Task requestTask, ILogger logger)
   at Serilog.AspNetCore.RequestLoggingMiddleware.Invoke(HttpContext httpContext)
   at KayraExportTask2API.Middlewares.ExceptionHandlerMiddleware.InvokeAsync(HttpContext httpContext) in C:\Users\Furkan Recep Çınar\source\repos\kayra-export-task-2\backend\KayraExportTask2\KayraExportTask2API\Middlewares\ExceptionHandlerMiddleware.cs:line 23
2025-08-21 21:54:54.065 +03:00 [INF] HTTP POST /api/Auth/login responded 200 in 1199.1498 ms
2025-08-21 21:55:08.059 +03:00 [WRN] You do not have a valid license key for the Lucky Penny software MediatR. This is allowed for development and testing scenarios. If you are running in production you are required to have a licensed version. Please visit https://luckypennysoftware.com to obtain a valid license.
2025-08-21 21:55:25.370 +03:00 [ERR] HTTP POST /api/Product responded 500 in 17316.6423 ms
StackExchange.Redis.RedisConnectionException: It was not possible to connect to the redis server(s). Error connecting right now. To allow this multiplexer to continue retrying until it's able to connect, use abortConnect=false in your connection string or AbortOnConnectFail=false; in your code.
   at StackExchange.Redis.ConnectionMultiplexer.ConnectImpl(ConfigurationOptions configuration, TextWriter writer, Nullable`1 serverType, EndPointCollection endpoints) in /_/src/StackExchange.Redis/ConnectionMultiplexer.cs:line 689
   at StackExchange.Redis.ConnectionMultiplexer.Connect(ConfigurationOptions configuration, TextWriter log) in /_/src/StackExchange.Redis/ConnectionMultiplexer.cs:line 661
   at StackExchange.Redis.ConnectionMultiplexer.Connect(String configuration, TextWriter log) in /_/src/StackExchange.Redis/ConnectionMultiplexer.cs:line 639
   at KayraExportTask2Infrastructor.Services.CacheService..ctor(IConfiguration configuration) in C:\Users\Furkan Recep Çınar\source\repos\kayra-export-task-2\backend\KayraExportTask2\KayraExportTask2Infrastructor\Services\CacheService.cs:line 22
   at System.RuntimeMethodHandle.InvokeMethod(Object target, Void** arguments, Signature sig, Boolean isConstructor)
   at System.Reflection.ConstructorInvoker.Invoke(Object obj, IntPtr* args, BindingFlags invokeAttr)
   at System.Reflection.RuntimeConstructorInfo.Invoke(BindingFlags invokeAttr, Binder binder, Object[] parameters, CultureInfo culture)
   at Microsoft.Extensions.DependencyInjection.ServiceLookup.CallSiteRuntimeResolver.VisitConstructor(ConstructorCallSite constructorCallSite, RuntimeResolverContext context)
   at Microsoft.Extensions.DependencyInjection.ServiceLookup.CallSiteRuntimeResolver.VisitCache(ServiceCallSite callSite, RuntimeResolverContext context, ServiceProviderEngineScope serviceProviderEngine, RuntimeResolverLock lockType)
   at Microsoft.Extensions.DependencyInjection.ServiceLookup.CallSiteRuntimeResolver.VisitScopeCache(ServiceCallSite callSite, RuntimeResolverContext context)
   at Microsoft.Extensions.DependencyInjection.ServiceLookup.CallSiteVisitor`2.VisitCallSite(ServiceCallSite callSite, TArgument argument)
   at Microsoft.Extensions.DependencyInjection.ServiceLookup.CallSiteRuntimeResolver.VisitConstructor(ConstructorCallSite constructorCallSite, RuntimeResolverContext context)
   at Microsoft.Extensions.DependencyInjection.ServiceLookup.CallSiteRuntimeResolver.VisitDisposeCache(ServiceCallSite transientCallSite, RuntimeResolverContext context)
   at Microsoft.Extensions.DependencyInjection.ServiceLookup.CallSiteVisitor`2.VisitCallSite(ServiceCallSite callSite, TArgument argument)
   at Microsoft.Extensions.DependencyInjection.ServiceLookup.CallSiteRuntimeResolver.Resolve(ServiceCallSite callSite, ServiceProviderEngineScope scope)
   at Microsoft.Extensions.DependencyInjection.ServiceLookup.DynamicServiceProviderEngine.<>c__DisplayClass2_0.<RealizeService>b__0(ServiceProviderEngineScope scope)
   at Microsoft.Extensions.DependencyInjection.ServiceProvider.GetService(ServiceIdentifier serviceIdentifier, ServiceProviderEngineScope serviceProviderEngineScope)
   at Microsoft.Extensions.DependencyInjection.ServiceLookup.ServiceProviderEngineScope.GetService(Type serviceType)
   at Microsoft.Extensions.DependencyInjection.ServiceProviderServiceExtensions.GetRequiredService(IServiceProvider provider, Type serviceType)
   at Microsoft.Extensions.DependencyInjection.ServiceProviderServiceExtensions.GetRequiredService[T](IServiceProvider provider)
   at MediatR.Wrappers.RequestHandlerWrapperImpl`2.<>c__DisplayClass1_0.<Handle>g__Handler|0(CancellationToken t)
   at MediatR.Wrappers.RequestHandlerWrapperImpl`2.Handle(IRequest`1 request, IServiceProvider serviceProvider, CancellationToken cancellationToken)
   at MediatR.Mediator.Send[TResponse](IRequest`1 request, CancellationToken cancellationToken)
   at KayraExportTask2API.Controllers.ProductController.AddProduct(AddProductCommand command) in C:\Users\Furkan Recep Çınar\source\repos\kayra-export-task-2\backend\KayraExportTask2\KayraExportTask2API\Controllers\ProductController.cs:line 24
   at Microsoft.AspNetCore.Mvc.Infrastructure.ActionMethodExecutor.TaskOfIActionResultExecutor.Execute(ActionContext actionContext, IActionResultTypeMapper mapper, ObjectMethodExecutor executor, Object controller, Object[] arguments)
   at Microsoft.AspNetCore.Mvc.Infrastructure.ControllerActionInvoker.<InvokeActionMethodAsync>g__Awaited|12_0(ControllerActionInvoker invoker, ValueTask`1 actionResultValueTask)
   at Microsoft.AspNetCore.Mvc.Infrastructure.ControllerActionInvoker.<InvokeNextActionFilterAsync>g__Awaited|10_0(ControllerActionInvoker invoker, Task lastTask, State next, Scope scope, Object state, Boolean isCompleted)
   at Microsoft.AspNetCore.Mvc.Infrastructure.ControllerActionInvoker.Rethrow(ActionExecutedContextSealed context)
   at Microsoft.AspNetCore.Mvc.Infrastructure.ControllerActionInvoker.Next(State& next, Scope& scope, Object& state, Boolean& isCompleted)
   at Microsoft.AspNetCore.Mvc.Infrastructure.ControllerActionInvoker.InvokeInnerFilterAsync()
--- End of stack trace from previous location ---
   at Microsoft.AspNetCore.Mvc.Infrastructure.ResourceInvoker.<InvokeFilterPipelineAsync>g__Awaited|20_0(ResourceInvoker invoker, Task lastTask, State next, Scope scope, Object state, Boolean isCompleted)
   at Microsoft.AspNetCore.Mvc.Infrastructure.ResourceInvoker.<InvokeAsync>g__Awaited|17_0(ResourceInvoker invoker, Task task, IDisposable scope)
   at Microsoft.AspNetCore.Mvc.Infrastructure.ResourceInvoker.<InvokeAsync>g__Awaited|17_0(ResourceInvoker invoker, Task task, IDisposable scope)
   at Microsoft.AspNetCore.Routing.EndpointMiddleware.<Invoke>g__AwaitRequestTask|6_0(Endpoint endpoint, Task requestTask, ILogger logger)
   at Serilog.AspNetCore.RequestLoggingMiddleware.Invoke(HttpContext httpContext)
2025-08-21 21:57:15.296 +03:00 [ERR] An unexpected error occurred.
StackExchange.Redis.RedisConnectionException: It was not possible to connect to the redis server(s). Error connecting right now. To allow this multiplexer to continue retrying until it's able to connect, use abortConnect=false in your connection string or AbortOnConnectFail=false; in your code.
   at StackExchange.Redis.ConnectionMultiplexer.ConnectImpl(ConfigurationOptions configuration, TextWriter writer, Nullable`1 serverType, EndPointCollection endpoints) in /_/src/StackExchange.Redis/ConnectionMultiplexer.cs:line 689
   at StackExchange.Redis.ConnectionMultiplexer.Connect(ConfigurationOptions configuration, TextWriter log) in /_/src/StackExchange.Redis/ConnectionMultiplexer.cs:line 661
   at StackExchange.Redis.ConnectionMultiplexer.Connect(String configuration, TextWriter log) in /_/src/StackExchange.Redis/ConnectionMultiplexer.cs:line 639
   at KayraExportTask2Infrastructor.Services.CacheService..ctor(IConfiguration configuration) in C:\Users\Furkan Recep Çınar\source\repos\kayra-export-task-2\backend\KayraExportTask2\KayraExportTask2Infrastructor\Services\CacheService.cs:line 22
   at System.RuntimeMethodHandle.InvokeMethod(Object target, Void** arguments, Signature sig, Boolean isConstructor)
   at System.Reflection.ConstructorInvoker.Invoke(Object obj, IntPtr* args, BindingFlags invokeAttr)
   at System.Reflection.RuntimeConstructorInfo.Invoke(BindingFlags invokeAttr, Binder binder, Object[] parameters, CultureInfo culture)
   at Microsoft.Extensions.DependencyInjection.ServiceLookup.CallSiteRuntimeResolver.VisitConstructor(ConstructorCallSite constructorCallSite, RuntimeResolverContext context)
   at Microsoft.Extensions.DependencyInjection.ServiceLookup.CallSiteRuntimeResolver.VisitCache(ServiceCallSite callSite, RuntimeResolverContext context, ServiceProviderEngineScope serviceProviderEngine, RuntimeResolverLock lockType)
   at Microsoft.Extensions.DependencyInjection.ServiceLookup.CallSiteRuntimeResolver.VisitScopeCache(ServiceCallSite callSite, RuntimeResolverContext context)
   at Microsoft.Extensions.DependencyInjection.ServiceLookup.CallSiteVisitor`2.VisitCallSite(ServiceCallSite callSite, TArgument argument)
   at Microsoft.Extensions.DependencyInjection.ServiceLookup.CallSiteRuntimeResolver.VisitConstructor(ConstructorCallSite constructorCallSite, RuntimeResolverContext context)
   at Microsoft.Extensions.DependencyInjection.ServiceLookup.CallSiteRuntimeResolver.VisitDisposeCache(ServiceCallSite transientCallSite, RuntimeResolverContext context)
   at Microsoft.Extensions.DependencyInjection.ServiceLookup.CallSiteVisitor`2.VisitCallSite(ServiceCallSite callSite, TArgument argument)
   at Microsoft.Extensions.DependencyInjection.ServiceLookup.CallSiteRuntimeResolver.Resolve(ServiceCallSite callSite, ServiceProviderEngineScope scope)
   at Microsoft.Extensions.DependencyInjection.ServiceLookup.DynamicServiceProviderEngine.<>c__DisplayClass2_0.<RealizeService>b__0(ServiceProviderEngineScope scope)
   at Microsoft.Extensions.DependencyInjection.ServiceProvider.GetService(ServiceIdentifier serviceIdentifier, ServiceProviderEngineScope serviceProviderEngineScope)
   at Microsoft.Extensions.DependencyInjection.ServiceLookup.ServiceProviderEngineScope.GetService(Type serviceType)
   at Microsoft.Extensions.DependencyInjection.ServiceProviderServiceExtensions.GetRequiredService(IServiceProvider provider, Type serviceType)
   at Microsoft.Extensions.DependencyInjection.ServiceProviderServiceExtensions.GetRequiredService[T](IServiceProvider provider)
   at MediatR.Wrappers.RequestHandlerWrapperImpl`2.<>c__DisplayClass1_0.<Handle>g__Handler|0(CancellationToken t)
   at MediatR.Wrappers.RequestHandlerWrapperImpl`2.Handle(IRequest`1 request, IServiceProvider serviceProvider, CancellationToken cancellationToken)
   at MediatR.Mediator.Send[TResponse](IRequest`1 request, CancellationToken cancellationToken)
   at KayraExportTask2API.Controllers.ProductController.AddProduct(AddProductCommand command) in C:\Users\Furkan Recep Çınar\source\repos\kayra-export-task-2\backend\KayraExportTask2\KayraExportTask2API\Controllers\ProductController.cs:line 24
   at Microsoft.AspNetCore.Mvc.Infrastructure.ActionMethodExecutor.TaskOfIActionResultExecutor.Execute(ActionContext actionContext, IActionResultTypeMapper mapper, ObjectMethodExecutor executor, Object controller, Object[] arguments)
   at Microsoft.AspNetCore.Mvc.Infrastructure.ControllerActionInvoker.<InvokeActionMethodAsync>g__Awaited|12_0(ControllerActionInvoker invoker, ValueTask`1 actionResultValueTask)
   at Microsoft.AspNetCore.Mvc.Infrastructure.ControllerActionInvoker.<InvokeNextActionFilterAsync>g__Awaited|10_0(ControllerActionInvoker invoker, Task lastTask, State next, Scope scope, Object state, Boolean isCompleted)
   at Microsoft.AspNetCore.Mvc.Infrastructure.ControllerActionInvoker.Rethrow(ActionExecutedContextSealed context)
   at Microsoft.AspNetCore.Mvc.Infrastructure.ControllerActionInvoker.Next(State& next, Scope& scope, Object& state, Boolean& isCompleted)
   at Microsoft.AspNetCore.Mvc.Infrastructure.ControllerActionInvoker.InvokeInnerFilterAsync()
--- End of stack trace from previous location ---
   at Microsoft.AspNetCore.Mvc.Infrastructure.ResourceInvoker.<InvokeFilterPipelineAsync>g__Awaited|20_0(ResourceInvoker invoker, Task lastTask, State next, Scope scope, Object state, Boolean isCompleted)
   at Microsoft.AspNetCore.Mvc.Infrastructure.ResourceInvoker.<InvokeAsync>g__Awaited|17_0(ResourceInvoker invoker, Task task, IDisposable scope)
   at Microsoft.AspNetCore.Mvc.Infrastructure.ResourceInvoker.<InvokeAsync>g__Awaited|17_0(ResourceInvoker invoker, Task task, IDisposable scope)
   at Microsoft.AspNetCore.Routing.EndpointMiddleware.<Invoke>g__AwaitRequestTask|6_0(Endpoint endpoint, Task requestTask, ILogger logger)
   at Serilog.AspNetCore.RequestLoggingMiddleware.Invoke(HttpContext httpContext)
   at KayraExportTask2API.Middlewares.ExceptionHandlerMiddleware.InvokeAsync(HttpContext httpContext) in C:\Users\Furkan Recep Çınar\source\repos\kayra-export-task-2\backend\KayraExportTask2\KayraExportTask2API\Middlewares\ExceptionHandlerMiddleware.cs:line 23
2025-08-21 21:57:26.206 +03:00 [INF] HTTP POST /api/Product responded 200 in 3979.4435 ms
2025-08-21 21:59:18.744 +03:00 [INF] HTTP POST /api/Product responded 200 in 31984.4285 ms
2025-08-21 22:00:28.792 +03:00 [INF] HTTP POST /api/Product responded 200 in 22658.9095 ms
2025-08-21 22:02:48.661 +03:00 [INF] HTTP POST /api/Auth/login responded 200 in 1375.1176 ms
2025-08-21 22:03:17.989 +03:00 [WRN] You do not have a valid license key for the Lucky Penny software MediatR. This is allowed for development and testing scenarios. If you are running in production you are required to have a licensed version. Please visit https://luckypennysoftware.com to obtain a valid license.
2025-08-21 22:03:22.493 +03:00 [ERR] Failed executing DbCommand (27ms) [Parameters=[@p0='?' (DbType = Guid), @p1='?' (DbType = Guid), @p2='?' (DbType = DateTime), @p3='?', @p4='?', @p5='?' (DbType = Decimal), @p6='?', @p7='?' (DbType = Int32), @p8='?' (DbType = DateTime)], CommandType='"Text"', CommandTimeout='30']
INSERT INTO "Products" ("Id", "CategoryId", "CreatedTime", "Description", "Name", "Price", "Slug", "Stock", "UpdatedTime")
VALUES (@p0, @p1, @p2, @p3, @p4, @p5, @p6, @p7, @p8);
2025-08-21 22:03:22.530 +03:00 [ERR] An exception occurred in the database while saving changes for context type 'KayraExportTask2Persistance.Context.AppDbContext'.
Microsoft.EntityFrameworkCore.DbUpdateException: An error occurred while saving the entity changes. See the inner exception for details.
 ---> Npgsql.PostgresException (0x80004005): 23503: insert or update on table "Products" violates foreign key constraint "FK_Products_Categories_CategoryId"

DETAIL: Detail redacted as it may contain sensitive data. Specify 'Include Error Detail' in the connection string to include this information.
   at Npgsql.Internal.NpgsqlConnector.<ReadMessage>g__ReadMessageLong|234_0(NpgsqlConnector connector, Boolean async, DataRowLoadingMode dataRowLoadingMode, Boolean readingNotifications, Boolean isReadingPrependedMessage)
   at Npgsql.NpgsqlDataReader.NextResult(Boolean async, Boolean isConsuming, CancellationToken cancellationToken)
   at Npgsql.NpgsqlDataReader.NextResult(Boolean async, Boolean isConsuming, CancellationToken cancellationToken)
   at Npgsql.NpgsqlCommand.ExecuteReader(CommandBehavior behavior, Boolean async, CancellationToken cancellationToken)
   at Npgsql.NpgsqlCommand.ExecuteReader(CommandBehavior behavior, Boolean async, CancellationToken cancellationToken)
   at Npgsql.NpgsqlCommand.ExecuteDbDataReaderAsync(CommandBehavior behavior, CancellationToken cancellationToken)
   at Microsoft.EntityFrameworkCore.Storage.RelationalCommand.ExecuteReaderAsync(RelationalCommandParameterObject parameterObject, CancellationToken cancellationToken)
   at Microsoft.EntityFrameworkCore.Storage.RelationalCommand.ExecuteReaderAsync(RelationalCommandParameterObject parameterObject, CancellationToken cancellationToken)
   at Microsoft.EntityFrameworkCore.Update.ReaderModificationCommandBatch.ExecuteAsync(IRelationalConnection connection, CancellationToken cancellationToken)
  Exception data:
    Severity: ERROR
    SqlState: 23503
    MessageText: insert or update on table "Products" violates foreign key constraint "FK_Products_Categories_CategoryId"
    Detail: Detail redacted as it may contain sensitive data. Specify 'Include Error Detail' in the connection string to include this information.
    SchemaName: public
    TableName: Products
    ConstraintName: FK_Products_Categories_CategoryId
    File: ri_triggers.c
    Line: 2610
    Routine: ri_ReportViolation
   --- End of inner exception stack trace ---
   at Microsoft.EntityFrameworkCore.Update.ReaderModificationCommandBatch.ExecuteAsync(IRelationalConnection connection, CancellationToken cancellationToken)
   at Microsoft.EntityFrameworkCore.Update.Internal.BatchExecutor.ExecuteAsync(IEnumerable`1 commandBatches, IRelationalConnection connection, CancellationToken cancellationToken)
   at Microsoft.EntityFrameworkCore.Update.Internal.BatchExecutor.ExecuteAsync(IEnumerable`1 commandBatches, IRelationalConnection connection, CancellationToken cancellationToken)
   at Microsoft.EntityFrameworkCore.Update.Internal.BatchExecutor.ExecuteAsync(IEnumerable`1 commandBatches, IRelationalConnection connection, CancellationToken cancellationToken)
   at Microsoft.EntityFrameworkCore.ChangeTracking.Internal.StateManager.SaveChangesAsync(IList`1 entriesToSave, CancellationToken cancellationToken)
   at Microsoft.EntityFrameworkCore.ChangeTracking.Internal.StateManager.SaveChangesAsync(StateManager stateManager, Boolean acceptAllChangesOnSuccess, CancellationToken cancellationToken)
   at Npgsql.EntityFrameworkCore.PostgreSQL.Storage.Internal.NpgsqlExecutionStrategy.ExecuteAsync[TState,TResult](TState state, Func`4 operation, Func`4 verifySucceeded, CancellationToken cancellationToken)
   at Microsoft.EntityFrameworkCore.DbContext.SaveChangesAsync(Boolean acceptAllChangesOnSuccess, CancellationToken cancellationToken)
Microsoft.EntityFrameworkCore.DbUpdateException: An error occurred while saving the entity changes. See the inner exception for details.
 ---> Npgsql.PostgresException (0x80004005): 23503: insert or update on table "Products" violates foreign key constraint "FK_Products_Categories_CategoryId"

DETAIL: Detail redacted as it may contain sensitive data. Specify 'Include Error Detail' in the connection string to include this information.
   at Npgsql.Internal.NpgsqlConnector.<ReadMessage>g__ReadMessageLong|234_0(NpgsqlConnector connector, Boolean async, DataRowLoadingMode dataRowLoadingMode, Boolean readingNotifications, Boolean isReadingPrependedMessage)
   at Npgsql.NpgsqlDataReader.NextResult(Boolean async, Boolean isConsuming, CancellationToken cancellationToken)
   at Npgsql.NpgsqlDataReader.NextResult(Boolean async, Boolean isConsuming, CancellationToken cancellationToken)
   at Npgsql.NpgsqlCommand.ExecuteReader(CommandBehavior behavior, Boolean async, CancellationToken cancellationToken)
   at Npgsql.NpgsqlCommand.ExecuteReader(CommandBehavior behavior, Boolean async, CancellationToken cancellationToken)
   at Npgsql.NpgsqlCommand.ExecuteDbDataReaderAsync(CommandBehavior behavior, CancellationToken cancellationToken)
   at Microsoft.EntityFrameworkCore.Storage.RelationalCommand.ExecuteReaderAsync(RelationalCommandParameterObject parameterObject, CancellationToken cancellationToken)
   at Microsoft.EntityFrameworkCore.Storage.RelationalCommand.ExecuteReaderAsync(RelationalCommandParameterObject parameterObject, CancellationToken cancellationToken)
   at Microsoft.EntityFrameworkCore.Update.ReaderModificationCommandBatch.ExecuteAsync(IRelationalConnection connection, CancellationToken cancellationToken)
  Exception data:
    Severity: ERROR
    SqlState: 23503
    MessageText: insert or update on table "Products" violates foreign key constraint "FK_Products_Categories_CategoryId"
    Detail: Detail redacted as it may contain sensitive data. Specify 'Include Error Detail' in the connection string to include this information.
    SchemaName: public
    TableName: Products
    ConstraintName: FK_Products_Categories_CategoryId
    File: ri_triggers.c
    Line: 2610
    Routine: ri_ReportViolation
   --- End of inner exception stack trace ---
   at Microsoft.EntityFrameworkCore.Update.ReaderModificationCommandBatch.ExecuteAsync(IRelationalConnection connection, CancellationToken cancellationToken)
   at Microsoft.EntityFrameworkCore.Update.Internal.BatchExecutor.ExecuteAsync(IEnumerable`1 commandBatches, IRelationalConnection connection, CancellationToken cancellationToken)
   at Microsoft.EntityFrameworkCore.Update.Internal.BatchExecutor.ExecuteAsync(IEnumerable`1 commandBatches, IRelationalConnection connection, CancellationToken cancellationToken)
   at Microsoft.EntityFrameworkCore.Update.Internal.BatchExecutor.ExecuteAsync(IEnumerable`1 commandBatches, IRelationalConnection connection, CancellationToken cancellationToken)
   at Microsoft.EntityFrameworkCore.ChangeTracking.Internal.StateManager.SaveChangesAsync(IList`1 entriesToSave, CancellationToken cancellationToken)
   at Microsoft.EntityFrameworkCore.ChangeTracking.Internal.StateManager.SaveChangesAsync(StateManager stateManager, Boolean acceptAllChangesOnSuccess, CancellationToken cancellationToken)
   at Npgsql.EntityFrameworkCore.PostgreSQL.Storage.Internal.NpgsqlExecutionStrategy.ExecuteAsync[TState,TResult](TState state, Func`4 operation, Func`4 verifySucceeded, CancellationToken cancellationToken)
   at Microsoft.EntityFrameworkCore.DbContext.SaveChangesAsync(Boolean acceptAllChangesOnSuccess, CancellationToken cancellationToken)
2025-08-21 22:03:22.658 +03:00 [ERR] HTTP POST /api/Product responded 500 in 4674.7772 ms
Microsoft.EntityFrameworkCore.DbUpdateException: An error occurred while saving the entity changes. See the inner exception for details.
 ---> Npgsql.PostgresException (0x80004005): 23503: insert or update on table "Products" violates foreign key constraint "FK_Products_Categories_CategoryId"

DETAIL: Detail redacted as it may contain sensitive data. Specify 'Include Error Detail' in the connection string to include this information.
   at Npgsql.Internal.NpgsqlConnector.<ReadMessage>g__ReadMessageLong|234_0(NpgsqlConnector connector, Boolean async, DataRowLoadingMode dataRowLoadingMode, Boolean readingNotifications, Boolean isReadingPrependedMessage)
   at Npgsql.NpgsqlDataReader.NextResult(Boolean async, Boolean isConsuming, CancellationToken cancellationToken)
   at Npgsql.NpgsqlDataReader.NextResult(Boolean async, Boolean isConsuming, CancellationToken cancellationToken)
   at Npgsql.NpgsqlCommand.ExecuteReader(CommandBehavior behavior, Boolean async, CancellationToken cancellationToken)
   at Npgsql.NpgsqlCommand.ExecuteReader(CommandBehavior behavior, Boolean async, CancellationToken cancellationToken)
   at Npgsql.NpgsqlCommand.ExecuteDbDataReaderAsync(CommandBehavior behavior, CancellationToken cancellationToken)
   at Microsoft.EntityFrameworkCore.Storage.RelationalCommand.ExecuteReaderAsync(RelationalCommandParameterObject parameterObject, CancellationToken cancellationToken)
   at Microsoft.EntityFrameworkCore.Storage.RelationalCommand.ExecuteReaderAsync(RelationalCommandParameterObject parameterObject, CancellationToken cancellationToken)
   at Microsoft.EntityFrameworkCore.Update.ReaderModificationCommandBatch.ExecuteAsync(IRelationalConnection connection, CancellationToken cancellationToken)
  Exception data:
    Severity: ERROR
    SqlState: 23503
    MessageText: insert or update on table "Products" violates foreign key constraint "FK_Products_Categories_CategoryId"
    Detail: Detail redacted as it may contain sensitive data. Specify 'Include Error Detail' in the connection string to include this information.
    SchemaName: public
    TableName: Products
    ConstraintName: FK_Products_Categories_CategoryId
    File: ri_triggers.c
    Line: 2610
    Routine: ri_ReportViolation
   --- End of inner exception stack trace ---
   at Microsoft.EntityFrameworkCore.Update.ReaderModificationCommandBatch.ExecuteAsync(IRelationalConnection connection, CancellationToken cancellationToken)
   at Microsoft.EntityFrameworkCore.Update.Internal.BatchExecutor.ExecuteAsync(IEnumerable`1 commandBatches, IRelationalConnection connection, CancellationToken cancellationToken)
   at Microsoft.EntityFrameworkCore.Update.Internal.BatchExecutor.ExecuteAsync(IEnumerable`1 commandBatches, IRelationalConnection connection, CancellationToken cancellationToken)
   at Microsoft.EntityFrameworkCore.Update.Internal.BatchExecutor.ExecuteAsync(IEnumerable`1 commandBatches, IRelationalConnection connection, CancellationToken cancellationToken)
   at Microsoft.EntityFrameworkCore.ChangeTracking.Internal.StateManager.SaveChangesAsync(IList`1 entriesToSave, CancellationToken cancellationToken)
   at Microsoft.EntityFrameworkCore.ChangeTracking.Internal.StateManager.SaveChangesAsync(StateManager stateManager, Boolean acceptAllChangesOnSuccess, CancellationToken cancellationToken)
   at Npgsql.EntityFrameworkCore.PostgreSQL.Storage.Internal.NpgsqlExecutionStrategy.ExecuteAsync[TState,TResult](TState state, Func`4 operation, Func`4 verifySucceeded, CancellationToken cancellationToken)
   at Microsoft.EntityFrameworkCore.DbContext.SaveChangesAsync(Boolean acceptAllChangesOnSuccess, CancellationToken cancellationToken)
   at Microsoft.EntityFrameworkCore.DbContext.SaveChangesAsync(Boolean acceptAllChangesOnSuccess, CancellationToken cancellationToken)
   at KayraExportTask2Persistance.Repositories.WriteRepository`1.SaveAsync() in C:\Users\Furkan Recep Çınar\source\repos\kayra-export-task-2\backend\KayraExportTask2\KayraExportTask2Persistance\Repositories\WriteRepository.cs:line 62
   at KayraExportTask2Application.Features.Products.Commands.AddProductCommandHandler.Handle(AddProductCommand request, CancellationToken cancellationToken) in C:\Users\Furkan Recep Çınar\source\repos\kayra-export-task-2\backend\KayraExportTask2\KayraExportTask2Application\Features\Products\Commands\AddProductCommandHandler.cs:line 40
   at KayraExportTask2API.Controllers.ProductController.AddProduct(AddProductCommand command) in C:\Users\Furkan Recep Çınar\source\repos\kayra-export-task-2\backend\KayraExportTask2\KayraExportTask2API\Controllers\ProductController.cs:line 24
   at Microsoft.AspNetCore.Mvc.Infrastructure.ActionMethodExecutor.TaskOfIActionResultExecutor.Execute(ActionContext actionContext, IActionResultTypeMapper mapper, ObjectMethodExecutor executor, Object controller, Object[] arguments)
   at Microsoft.AspNetCore.Mvc.Infrastructure.ControllerActionInvoker.<InvokeActionMethodAsync>g__Awaited|12_0(ControllerActionInvoker invoker, ValueTask`1 actionResultValueTask)
   at Microsoft.AspNetCore.Mvc.Infrastructure.ControllerActionInvoker.<InvokeNextActionFilterAsync>g__Awaited|10_0(ControllerActionInvoker invoker, Task lastTask, State next, Scope scope, Object state, Boolean isCompleted)
   at Microsoft.AspNetCore.Mvc.Infrastructure.ControllerActionInvoker.Rethrow(ActionExecutedContextSealed context)
   at Microsoft.AspNetCore.Mvc.Infrastructure.ControllerActionInvoker.Next(State& next, Scope& scope, Object& state, Boolean& isCompleted)
   at Microsoft.AspNetCore.Mvc.Infrastructure.ControllerActionInvoker.<InvokeInnerFilterAsync>g__Awaited|13_0(ControllerActionInvoker invoker, Task lastTask, State next, Scope scope, Object state, Boolean isCompleted)
   at Microsoft.AspNetCore.Mvc.Infrastructure.ResourceInvoker.<InvokeFilterPipelineAsync>g__Awaited|20_0(ResourceInvoker invoker, Task lastTask, State next, Scope scope, Object state, Boolean isCompleted)
   at Microsoft.AspNetCore.Mvc.Infrastructure.ResourceInvoker.<InvokeAsync>g__Awaited|17_0(ResourceInvoker invoker, Task task, IDisposable scope)
   at Microsoft.AspNetCore.Mvc.Infrastructure.ResourceInvoker.<InvokeAsync>g__Awaited|17_0(ResourceInvoker invoker, Task task, IDisposable scope)
   at Microsoft.AspNetCore.Routing.EndpointMiddleware.<Invoke>g__AwaitRequestTask|6_0(Endpoint endpoint, Task requestTask, ILogger logger)
   at Serilog.AspNetCore.RequestLoggingMiddleware.Invoke(HttpContext httpContext)
2025-08-21 22:03:22.746 +03:00 [ERR] An unexpected error occurred.
Microsoft.EntityFrameworkCore.DbUpdateException: An error occurred while saving the entity changes. See the inner exception for details.
 ---> Npgsql.PostgresException (0x80004005): 23503: insert or update on table "Products" violates foreign key constraint "FK_Products_Categories_CategoryId"

DETAIL: Detail redacted as it may contain sensitive data. Specify 'Include Error Detail' in the connection string to include this information.
   at Npgsql.Internal.NpgsqlConnector.<ReadMessage>g__ReadMessageLong|234_0(NpgsqlConnector connector, Boolean async, DataRowLoadingMode dataRowLoadingMode, Boolean readingNotifications, Boolean isReadingPrependedMessage)
   at Npgsql.NpgsqlDataReader.NextResult(Boolean async, Boolean isConsuming, CancellationToken cancellationToken)
   at Npgsql.NpgsqlDataReader.NextResult(Boolean async, Boolean isConsuming, CancellationToken cancellationToken)
   at Npgsql.NpgsqlCommand.ExecuteReader(CommandBehavior behavior, Boolean async, CancellationToken cancellationToken)
   at Npgsql.NpgsqlCommand.ExecuteReader(CommandBehavior behavior, Boolean async, CancellationToken cancellationToken)
   at Npgsql.NpgsqlCommand.ExecuteDbDataReaderAsync(CommandBehavior behavior, CancellationToken cancellationToken)
   at Microsoft.EntityFrameworkCore.Storage.RelationalCommand.ExecuteReaderAsync(RelationalCommandParameterObject parameterObject, CancellationToken cancellationToken)
   at Microsoft.EntityFrameworkCore.Storage.RelationalCommand.ExecuteReaderAsync(RelationalCommandParameterObject parameterObject, CancellationToken cancellationToken)
   at Microsoft.EntityFrameworkCore.Update.ReaderModificationCommandBatch.ExecuteAsync(IRelationalConnection connection, CancellationToken cancellationToken)
  Exception data:
    Severity: ERROR
    SqlState: 23503
    MessageText: insert or update on table "Products" violates foreign key constraint "FK_Products_Categories_CategoryId"
    Detail: Detail redacted as it may contain sensitive data. Specify 'Include Error Detail' in the connection string to include this information.
    SchemaName: public
    TableName: Products
    ConstraintName: FK_Products_Categories_CategoryId
    File: ri_triggers.c
    Line: 2610
    Routine: ri_ReportViolation
   --- End of inner exception stack trace ---
   at Microsoft.EntityFrameworkCore.Update.ReaderModificationCommandBatch.ExecuteAsync(IRelationalConnection connection, CancellationToken cancellationToken)
   at Microsoft.EntityFrameworkCore.Update.Internal.BatchExecutor.ExecuteAsync(IEnumerable`1 commandBatches, IRelationalConnection connection, CancellationToken cancellationToken)
   at Microsoft.EntityFrameworkCore.Update.Internal.BatchExecutor.ExecuteAsync(IEnumerable`1 commandBatches, IRelationalConnection connection, CancellationToken cancellationToken)
   at Microsoft.EntityFrameworkCore.Update.Internal.BatchExecutor.ExecuteAsync(IEnumerable`1 commandBatches, IRelationalConnection connection, CancellationToken cancellationToken)
   at Microsoft.EntityFrameworkCore.ChangeTracking.Internal.StateManager.SaveChangesAsync(IList`1 entriesToSave, CancellationToken cancellationToken)
   at Microsoft.EntityFrameworkCore.ChangeTracking.Internal.StateManager.SaveChangesAsync(StateManager stateManager, Boolean acceptAllChangesOnSuccess, CancellationToken cancellationToken)
   at Npgsql.EntityFrameworkCore.PostgreSQL.Storage.Internal.NpgsqlExecutionStrategy.ExecuteAsync[TState,TResult](TState state, Func`4 operation, Func`4 verifySucceeded, CancellationToken cancellationToken)
   at Microsoft.EntityFrameworkCore.DbContext.SaveChangesAsync(Boolean acceptAllChangesOnSuccess, CancellationToken cancellationToken)
   at Microsoft.EntityFrameworkCore.DbContext.SaveChangesAsync(Boolean acceptAllChangesOnSuccess, CancellationToken cancellationToken)
   at KayraExportTask2Persistance.Repositories.WriteRepository`1.SaveAsync() in C:\Users\Furkan Recep Çınar\source\repos\kayra-export-task-2\backend\KayraExportTask2\KayraExportTask2Persistance\Repositories\WriteRepository.cs:line 62
   at KayraExportTask2Application.Features.Products.Commands.AddProductCommandHandler.Handle(AddProductCommand request, CancellationToken cancellationToken) in C:\Users\Furkan Recep Çınar\source\repos\kayra-export-task-2\backend\KayraExportTask2\KayraExportTask2Application\Features\Products\Commands\AddProductCommandHandler.cs:line 40
   at KayraExportTask2API.Controllers.ProductController.AddProduct(AddProductCommand command) in C:\Users\Furkan Recep Çınar\source\repos\kayra-export-task-2\backend\KayraExportTask2\KayraExportTask2API\Controllers\ProductController.cs:line 24
   at Microsoft.AspNetCore.Mvc.Infrastructure.ActionMethodExecutor.TaskOfIActionResultExecutor.Execute(ActionContext actionContext, IActionResultTypeMapper mapper, ObjectMethodExecutor executor, Object controller, Object[] arguments)
   at Microsoft.AspNetCore.Mvc.Infrastructure.ControllerActionInvoker.<InvokeActionMethodAsync>g__Awaited|12_0(ControllerActionInvoker invoker, ValueTask`1 actionResultValueTask)
   at Microsoft.AspNetCore.Mvc.Infrastructure.ControllerActionInvoker.<InvokeNextActionFilterAsync>g__Awaited|10_0(ControllerActionInvoker invoker, Task lastTask, State next, Scope scope, Object state, Boolean isCompleted)
   at Microsoft.AspNetCore.Mvc.Infrastructure.ControllerActionInvoker.Rethrow(ActionExecutedContextSealed context)
   at Microsoft.AspNetCore.Mvc.Infrastructure.ControllerActionInvoker.Next(State& next, Scope& scope, Object& state, Boolean& isCompleted)
   at Microsoft.AspNetCore.Mvc.Infrastructure.ControllerActionInvoker.<InvokeInnerFilterAsync>g__Awaited|13_0(ControllerActionInvoker invoker, Task lastTask, State next, Scope scope, Object state, Boolean isCompleted)
   at Microsoft.AspNetCore.Mvc.Infrastructure.ResourceInvoker.<InvokeFilterPipelineAsync>g__Awaited|20_0(ResourceInvoker invoker, Task lastTask, State next, Scope scope, Object state, Boolean isCompleted)
   at Microsoft.AspNetCore.Mvc.Infrastructure.ResourceInvoker.<InvokeAsync>g__Awaited|17_0(ResourceInvoker invoker, Task task, IDisposable scope)
   at Microsoft.AspNetCore.Mvc.Infrastructure.ResourceInvoker.<InvokeAsync>g__Awaited|17_0(ResourceInvoker invoker, Task task, IDisposable scope)
   at Microsoft.AspNetCore.Routing.EndpointMiddleware.<Invoke>g__AwaitRequestTask|6_0(Endpoint endpoint, Task requestTask, ILogger logger)
   at Serilog.AspNetCore.RequestLoggingMiddleware.Invoke(HttpContext httpContext)
   at KayraExportTask2API.Middlewares.ExceptionHandlerMiddleware.InvokeAsync(HttpContext httpContext) in C:\Users\Furkan Recep Çınar\source\repos\kayra-export-task-2\backend\KayraExportTask2\KayraExportTask2API\Middlewares\ExceptionHandlerMiddleware.cs:line 23
2025-08-21 22:03:39.641 +03:00 [ERR] Failed executing DbCommand (18ms) [Parameters=[@p0='?' (DbType = Guid), @p1='?' (DbType = Guid), @p2='?' (DbType = DateTime), @p3='?', @p4='?', @p5='?' (DbType = Decimal), @p6='?', @p7='?' (DbType = Int32), @p8='?' (DbType = DateTime)], CommandType='"Text"', CommandTimeout='30']
INSERT INTO "Products" ("Id", "CategoryId", "CreatedTime", "Description", "Name", "Price", "Slug", "Stock", "UpdatedTime")
VALUES (@p0, @p1, @p2, @p3, @p4, @p5, @p6, @p7, @p8);
2025-08-21 22:03:39.647 +03:00 [ERR] An exception occurred in the database while saving changes for context type 'KayraExportTask2Persistance.Context.AppDbContext'.
Microsoft.EntityFrameworkCore.DbUpdateException: An error occurred while saving the entity changes. See the inner exception for details.
 ---> Npgsql.PostgresException (0x80004005): 23503: insert or update on table "Products" violates foreign key constraint "FK_Products_Categories_CategoryId"

DETAIL: Detail redacted as it may contain sensitive data. Specify 'Include Error Detail' in the connection string to include this information.
   at Npgsql.Internal.NpgsqlConnector.<ReadMessage>g__ReadMessageLong|234_0(NpgsqlConnector connector, Boolean async, DataRowLoadingMode dataRowLoadingMode, Boolean readingNotifications, Boolean isReadingPrependedMessage)
   at Npgsql.NpgsqlDataReader.NextResult(Boolean async, Boolean isConsuming, CancellationToken cancellationToken)
   at Npgsql.NpgsqlDataReader.NextResult(Boolean async, Boolean isConsuming, CancellationToken cancellationToken)
   at Npgsql.NpgsqlCommand.ExecuteReader(CommandBehavior behavior, Boolean async, CancellationToken cancellationToken)
   at Npgsql.NpgsqlCommand.ExecuteReader(CommandBehavior behavior, Boolean async, CancellationToken cancellationToken)
   at Npgsql.NpgsqlCommand.ExecuteDbDataReaderAsync(CommandBehavior behavior, CancellationToken cancellationToken)
   at Microsoft.EntityFrameworkCore.Storage.RelationalCommand.ExecuteReaderAsync(RelationalCommandParameterObject parameterObject, CancellationToken cancellationToken)
   at Microsoft.EntityFrameworkCore.Storage.RelationalCommand.ExecuteReaderAsync(RelationalCommandParameterObject parameterObject, CancellationToken cancellationToken)
   at Microsoft.EntityFrameworkCore.Update.ReaderModificationCommandBatch.ExecuteAsync(IRelationalConnection connection, CancellationToken cancellationToken)
  Exception data:
    Severity: ERROR
    SqlState: 23503
    MessageText: insert or update on table "Products" violates foreign key constraint "FK_Products_Categories_CategoryId"
    Detail: Detail redacted as it may contain sensitive data. Specify 'Include Error Detail' in the connection string to include this information.
    SchemaName: public
    TableName: Products
    ConstraintName: FK_Products_Categories_CategoryId
    File: ri_triggers.c
    Line: 2610
    Routine: ri_ReportViolation
   --- End of inner exception stack trace ---
   at Microsoft.EntityFrameworkCore.Update.ReaderModificationCommandBatch.ExecuteAsync(IRelationalConnection connection, CancellationToken cancellationToken)
   at Microsoft.EntityFrameworkCore.Update.Internal.BatchExecutor.ExecuteAsync(IEnumerable`1 commandBatches, IRelationalConnection connection, CancellationToken cancellationToken)
   at Microsoft.EntityFrameworkCore.Update.Internal.BatchExecutor.ExecuteAsync(IEnumerable`1 commandBatches, IRelationalConnection connection, CancellationToken cancellationToken)
   at Microsoft.EntityFrameworkCore.Update.Internal.BatchExecutor.ExecuteAsync(IEnumerable`1 commandBatches, IRelationalConnection connection, CancellationToken cancellationToken)
   at Microsoft.EntityFrameworkCore.ChangeTracking.Internal.StateManager.SaveChangesAsync(IList`1 entriesToSave, CancellationToken cancellationToken)
   at Microsoft.EntityFrameworkCore.ChangeTracking.Internal.StateManager.SaveChangesAsync(StateManager stateManager, Boolean acceptAllChangesOnSuccess, CancellationToken cancellationToken)
   at Npgsql.EntityFrameworkCore.PostgreSQL.Storage.Internal.NpgsqlExecutionStrategy.ExecuteAsync[TState,TResult](TState state, Func`4 operation, Func`4 verifySucceeded, CancellationToken cancellationToken)
   at Microsoft.EntityFrameworkCore.DbContext.SaveChangesAsync(Boolean acceptAllChangesOnSuccess, CancellationToken cancellationToken)
Microsoft.EntityFrameworkCore.DbUpdateException: An error occurred while saving the entity changes. See the inner exception for details.
 ---> Npgsql.PostgresException (0x80004005): 23503: insert or update on table "Products" violates foreign key constraint "FK_Products_Categories_CategoryId"

DETAIL: Detail redacted as it may contain sensitive data. Specify 'Include Error Detail' in the connection string to include this information.
   at Npgsql.Internal.NpgsqlConnector.<ReadMessage>g__ReadMessageLong|234_0(NpgsqlConnector connector, Boolean async, DataRowLoadingMode dataRowLoadingMode, Boolean readingNotifications, Boolean isReadingPrependedMessage)
   at Npgsql.NpgsqlDataReader.NextResult(Boolean async, Boolean isConsuming, CancellationToken cancellationToken)
   at Npgsql.NpgsqlDataReader.NextResult(Boolean async, Boolean isConsuming, CancellationToken cancellationToken)
   at Npgsql.NpgsqlCommand.ExecuteReader(CommandBehavior behavior, Boolean async, CancellationToken cancellationToken)
   at Npgsql.NpgsqlCommand.ExecuteReader(CommandBehavior behavior, Boolean async, CancellationToken cancellationToken)
   at Npgsql.NpgsqlCommand.ExecuteDbDataReaderAsync(CommandBehavior behavior, CancellationToken cancellationToken)
   at Microsoft.EntityFrameworkCore.Storage.RelationalCommand.ExecuteReaderAsync(RelationalCommandParameterObject parameterObject, CancellationToken cancellationToken)
   at Microsoft.EntityFrameworkCore.Storage.RelationalCommand.ExecuteReaderAsync(RelationalCommandParameterObject parameterObject, CancellationToken cancellationToken)
   at Microsoft.EntityFrameworkCore.Update.ReaderModificationCommandBatch.ExecuteAsync(IRelationalConnection connection, CancellationToken cancellationToken)
  Exception data:
    Severity: ERROR
    SqlState: 23503
    MessageText: insert or update on table "Products" violates foreign key constraint "FK_Products_Categories_CategoryId"
    Detail: Detail redacted as it may contain sensitive data. Specify 'Include Error Detail' in the connection string to include this information.
    SchemaName: public
    TableName: Products
    ConstraintName: FK_Products_Categories_CategoryId
    File: ri_triggers.c
    Line: 2610
    Routine: ri_ReportViolation
   --- End of inner exception stack trace ---
   at Microsoft.EntityFrameworkCore.Update.ReaderModificationCommandBatch.ExecuteAsync(IRelationalConnection connection, CancellationToken cancellationToken)
   at Microsoft.EntityFrameworkCore.Update.Internal.BatchExecutor.ExecuteAsync(IEnumerable`1 commandBatches, IRelationalConnection connection, CancellationToken cancellationToken)
   at Microsoft.EntityFrameworkCore.Update.Internal.BatchExecutor.ExecuteAsync(IEnumerable`1 commandBatches, IRelationalConnection connection, CancellationToken cancellationToken)
   at Microsoft.EntityFrameworkCore.Update.Internal.BatchExecutor.ExecuteAsync(IEnumerable`1 commandBatches, IRelationalConnection connection, CancellationToken cancellationToken)
   at Microsoft.EntityFrameworkCore.ChangeTracking.Internal.StateManager.SaveChangesAsync(IList`1 entriesToSave, CancellationToken cancellationToken)
   at Microsoft.EntityFrameworkCore.ChangeTracking.Internal.StateManager.SaveChangesAsync(StateManager stateManager, Boolean acceptAllChangesOnSuccess, CancellationToken cancellationToken)
   at Npgsql.EntityFrameworkCore.PostgreSQL.Storage.Internal.NpgsqlExecutionStrategy.ExecuteAsync[TState,TResult](TState state, Func`4 operation, Func`4 verifySucceeded, CancellationToken cancellationToken)
   at Microsoft.EntityFrameworkCore.DbContext.SaveChangesAsync(Boolean acceptAllChangesOnSuccess, CancellationToken cancellationToken)
2025-08-21 22:03:39.783 +03:00 [ERR] HTTP POST /api/Product responded 500 in 6349.7327 ms
Microsoft.EntityFrameworkCore.DbUpdateException: An error occurred while saving the entity changes. See the inner exception for details.
 ---> Npgsql.PostgresException (0x80004005): 23503: insert or update on table "Products" violates foreign key constraint "FK_Products_Categories_CategoryId"

DETAIL: Detail redacted as it may contain sensitive data. Specify 'Include Error Detail' in the connection string to include this information.
   at Npgsql.Internal.NpgsqlConnector.<ReadMessage>g__ReadMessageLong|234_0(NpgsqlConnector connector, Boolean async, DataRowLoadingMode dataRowLoadingMode, Boolean readingNotifications, Boolean isReadingPrependedMessage)
   at Npgsql.NpgsqlDataReader.NextResult(Boolean async, Boolean isConsuming, CancellationToken cancellationToken)
   at Npgsql.NpgsqlDataReader.NextResult(Boolean async, Boolean isConsuming, CancellationToken cancellationToken)
   at Npgsql.NpgsqlCommand.ExecuteReader(CommandBehavior behavior, Boolean async, CancellationToken cancellationToken)
   at Npgsql.NpgsqlCommand.ExecuteReader(CommandBehavior behavior, Boolean async, CancellationToken cancellationToken)
   at Npgsql.NpgsqlCommand.ExecuteDbDataReaderAsync(CommandBehavior behavior, CancellationToken cancellationToken)
   at Microsoft.EntityFrameworkCore.Storage.RelationalCommand.ExecuteReaderAsync(RelationalCommandParameterObject parameterObject, CancellationToken cancellationToken)
   at Microsoft.EntityFrameworkCore.Storage.RelationalCommand.ExecuteReaderAsync(RelationalCommandParameterObject parameterObject, CancellationToken cancellationToken)
   at Microsoft.EntityFrameworkCore.Update.ReaderModificationCommandBatch.ExecuteAsync(IRelationalConnection connection, CancellationToken cancellationToken)
  Exception data:
    Severity: ERROR
    SqlState: 23503
    MessageText: insert or update on table "Products" violates foreign key constraint "FK_Products_Categories_CategoryId"
    Detail: Detail redacted as it may contain sensitive data. Specify 'Include Error Detail' in the connection string to include this information.
    SchemaName: public
    TableName: Products
    ConstraintName: FK_Products_Categories_CategoryId
    File: ri_triggers.c
    Line: 2610
    Routine: ri_ReportViolation
   --- End of inner exception stack trace ---
   at Microsoft.EntityFrameworkCore.Update.ReaderModificationCommandBatch.ExecuteAsync(IRelationalConnection connection, CancellationToken cancellationToken)
   at Microsoft.EntityFrameworkCore.Update.Internal.BatchExecutor.ExecuteAsync(IEnumerable`1 commandBatches, IRelationalConnection connection, CancellationToken cancellationToken)
   at Microsoft.EntityFrameworkCore.Update.Internal.BatchExecutor.ExecuteAsync(IEnumerable`1 commandBatches, IRelationalConnection connection, CancellationToken cancellationToken)
   at Microsoft.EntityFrameworkCore.Update.Internal.BatchExecutor.ExecuteAsync(IEnumerable`1 commandBatches, IRelationalConnection connection, CancellationToken cancellationToken)
   at Microsoft.EntityFrameworkCore.ChangeTracking.Internal.StateManager.SaveChangesAsync(IList`1 entriesToSave, CancellationToken cancellationToken)
   at Microsoft.EntityFrameworkCore.ChangeTracking.Internal.StateManager.SaveChangesAsync(StateManager stateManager, Boolean acceptAllChangesOnSuccess, CancellationToken cancellationToken)
   at Npgsql.EntityFrameworkCore.PostgreSQL.Storage.Internal.NpgsqlExecutionStrategy.ExecuteAsync[TState,TResult](TState state, Func`4 operation, Func`4 verifySucceeded, CancellationToken cancellationToken)
   at Microsoft.EntityFrameworkCore.DbContext.SaveChangesAsync(Boolean acceptAllChangesOnSuccess, CancellationToken cancellationToken)
   at Microsoft.EntityFrameworkCore.DbContext.SaveChangesAsync(Boolean acceptAllChangesOnSuccess, CancellationToken cancellationToken)
   at KayraExportTask2Persistance.Repositories.WriteRepository`1.SaveAsync() in C:\Users\Furkan Recep Çınar\source\repos\kayra-export-task-2\backend\KayraExportTask2\KayraExportTask2Persistance\Repositories\WriteRepository.cs:line 62
   at KayraExportTask2Application.Features.Products.Commands.AddProductCommandHandler.Handle(AddProductCommand request, CancellationToken cancellationToken) in C:\Users\Furkan Recep Çınar\source\repos\kayra-export-task-2\backend\KayraExportTask2\KayraExportTask2Application\Features\Products\Commands\AddProductCommandHandler.cs:line 40
   at KayraExportTask2API.Controllers.ProductController.AddProduct(AddProductCommand command) in C:\Users\Furkan Recep Çınar\source\repos\kayra-export-task-2\backend\KayraExportTask2\KayraExportTask2API\Controllers\ProductController.cs:line 24
   at Microsoft.AspNetCore.Mvc.Infrastructure.ActionMethodExecutor.TaskOfIActionResultExecutor.Execute(ActionContext actionContext, IActionResultTypeMapper mapper, ObjectMethodExecutor executor, Object controller, Object[] arguments)
   at Microsoft.AspNetCore.Mvc.Infrastructure.ControllerActionInvoker.<InvokeActionMethodAsync>g__Awaited|12_0(ControllerActionInvoker invoker, ValueTask`1 actionResultValueTask)
   at Microsoft.AspNetCore.Mvc.Infrastructure.ControllerActionInvoker.<InvokeNextActionFilterAsync>g__Awaited|10_0(ControllerActionInvoker invoker, Task lastTask, State next, Scope scope, Object state, Boolean isCompleted)
   at Microsoft.AspNetCore.Mvc.Infrastructure.ControllerActionInvoker.Rethrow(ActionExecutedContextSealed context)
   at Microsoft.AspNetCore.Mvc.Infrastructure.ControllerActionInvoker.Next(State& next, Scope& scope, Object& state, Boolean& isCompleted)
   at Microsoft.AspNetCore.Mvc.Infrastructure.ControllerActionInvoker.<InvokeInnerFilterAsync>g__Awaited|13_0(ControllerActionInvoker invoker, Task lastTask, State next, Scope scope, Object state, Boolean isCompleted)
   at Microsoft.AspNetCore.Mvc.Infrastructure.ResourceInvoker.<InvokeFilterPipelineAsync>g__Awaited|20_0(ResourceInvoker invoker, Task lastTask, State next, Scope scope, Object state, Boolean isCompleted)
   at Microsoft.AspNetCore.Mvc.Infrastructure.ResourceInvoker.<InvokeAsync>g__Awaited|17_0(ResourceInvoker invoker, Task task, IDisposable scope)
   at Microsoft.AspNetCore.Mvc.Infrastructure.ResourceInvoker.<InvokeAsync>g__Awaited|17_0(ResourceInvoker invoker, Task task, IDisposable scope)
   at Microsoft.AspNetCore.Routing.EndpointMiddleware.<Invoke>g__AwaitRequestTask|6_0(Endpoint endpoint, Task requestTask, ILogger logger)
   at Serilog.AspNetCore.RequestLoggingMiddleware.Invoke(HttpContext httpContext)
2025-08-21 22:03:39.846 +03:00 [ERR] An unexpected error occurred.
Microsoft.EntityFrameworkCore.DbUpdateException: An error occurred while saving the entity changes. See the inner exception for details.
 ---> Npgsql.PostgresException (0x80004005): 23503: insert or update on table "Products" violates foreign key constraint "FK_Products_Categories_CategoryId"

DETAIL: Detail redacted as it may contain sensitive data. Specify 'Include Error Detail' in the connection string to include this information.
   at Npgsql.Internal.NpgsqlConnector.<ReadMessage>g__ReadMessageLong|234_0(NpgsqlConnector connector, Boolean async, DataRowLoadingMode dataRowLoadingMode, Boolean readingNotifications, Boolean isReadingPrependedMessage)
   at Npgsql.NpgsqlDataReader.NextResult(Boolean async, Boolean isConsuming, CancellationToken cancellationToken)
   at Npgsql.NpgsqlDataReader.NextResult(Boolean async, Boolean isConsuming, CancellationToken cancellationToken)
   at Npgsql.NpgsqlCommand.ExecuteReader(CommandBehavior behavior, Boolean async, CancellationToken cancellationToken)
   at Npgsql.NpgsqlCommand.ExecuteReader(CommandBehavior behavior, Boolean async, CancellationToken cancellationToken)
   at Npgsql.NpgsqlCommand.ExecuteDbDataReaderAsync(CommandBehavior behavior, CancellationToken cancellationToken)
   at Microsoft.EntityFrameworkCore.Storage.RelationalCommand.ExecuteReaderAsync(RelationalCommandParameterObject parameterObject, CancellationToken cancellationToken)
   at Microsoft.EntityFrameworkCore.Storage.RelationalCommand.ExecuteReaderAsync(RelationalCommandParameterObject parameterObject, CancellationToken cancellationToken)
   at Microsoft.EntityFrameworkCore.Update.ReaderModificationCommandBatch.ExecuteAsync(IRelationalConnection connection, CancellationToken cancellationToken)
  Exception data:
    Severity: ERROR
    SqlState: 23503
    MessageText: insert or update on table "Products" violates foreign key constraint "FK_Products_Categories_CategoryId"
    Detail: Detail redacted as it may contain sensitive data. Specify 'Include Error Detail' in the connection string to include this information.
    SchemaName: public
    TableName: Products
    ConstraintName: FK_Products_Categories_CategoryId
    File: ri_triggers.c
    Line: 2610
    Routine: ri_ReportViolation
   --- End of inner exception stack trace ---
   at Microsoft.EntityFrameworkCore.Update.ReaderModificationCommandBatch.ExecuteAsync(IRelationalConnection connection, CancellationToken cancellationToken)
   at Microsoft.EntityFrameworkCore.Update.Internal.BatchExecutor.ExecuteAsync(IEnumerable`1 commandBatches, IRelationalConnection connection, CancellationToken cancellationToken)
   at Microsoft.EntityFrameworkCore.Update.Internal.BatchExecutor.ExecuteAsync(IEnumerable`1 commandBatches, IRelationalConnection connection, CancellationToken cancellationToken)
   at Microsoft.EntityFrameworkCore.Update.Internal.BatchExecutor.ExecuteAsync(IEnumerable`1 commandBatches, IRelationalConnection connection, CancellationToken cancellationToken)
   at Microsoft.EntityFrameworkCore.ChangeTracking.Internal.StateManager.SaveChangesAsync(IList`1 entriesToSave, CancellationToken cancellationToken)
   at Microsoft.EntityFrameworkCore.ChangeTracking.Internal.StateManager.SaveChangesAsync(StateManager stateManager, Boolean acceptAllChangesOnSuccess, CancellationToken cancellationToken)
   at Npgsql.EntityFrameworkCore.PostgreSQL.Storage.Internal.NpgsqlExecutionStrategy.ExecuteAsync[TState,TResult](TState state, Func`4 operation, Func`4 verifySucceeded, CancellationToken cancellationToken)
   at Microsoft.EntityFrameworkCore.DbContext.SaveChangesAsync(Boolean acceptAllChangesOnSuccess, CancellationToken cancellationToken)
   at Microsoft.EntityFrameworkCore.DbContext.SaveChangesAsync(Boolean acceptAllChangesOnSuccess, CancellationToken cancellationToken)
   at KayraExportTask2Persistance.Repositories.WriteRepository`1.SaveAsync() in C:\Users\Furkan Recep Çınar\source\repos\kayra-export-task-2\backend\KayraExportTask2\KayraExportTask2Persistance\Repositories\WriteRepository.cs:line 62
   at KayraExportTask2Application.Features.Products.Commands.AddProductCommandHandler.Handle(AddProductCommand request, CancellationToken cancellationToken) in C:\Users\Furkan Recep Çınar\source\repos\kayra-export-task-2\backend\KayraExportTask2\KayraExportTask2Application\Features\Products\Commands\AddProductCommandHandler.cs:line 40
   at KayraExportTask2API.Controllers.ProductController.AddProduct(AddProductCommand command) in C:\Users\Furkan Recep Çınar\source\repos\kayra-export-task-2\backend\KayraExportTask2\KayraExportTask2API\Controllers\ProductController.cs:line 24
   at Microsoft.AspNetCore.Mvc.Infrastructure.ActionMethodExecutor.TaskOfIActionResultExecutor.Execute(ActionContext actionContext, IActionResultTypeMapper mapper, ObjectMethodExecutor executor, Object controller, Object[] arguments)
   at Microsoft.AspNetCore.Mvc.Infrastructure.ControllerActionInvoker.<InvokeActionMethodAsync>g__Awaited|12_0(ControllerActionInvoker invoker, ValueTask`1 actionResultValueTask)
   at Microsoft.AspNetCore.Mvc.Infrastructure.ControllerActionInvoker.<InvokeNextActionFilterAsync>g__Awaited|10_0(ControllerActionInvoker invoker, Task lastTask, State next, Scope scope, Object state, Boolean isCompleted)
   at Microsoft.AspNetCore.Mvc.Infrastructure.ControllerActionInvoker.Rethrow(ActionExecutedContextSealed context)
   at Microsoft.AspNetCore.Mvc.Infrastructure.ControllerActionInvoker.Next(State& next, Scope& scope, Object& state, Boolean& isCompleted)
   at Microsoft.AspNetCore.Mvc.Infrastructure.ControllerActionInvoker.<InvokeInnerFilterAsync>g__Awaited|13_0(ControllerActionInvoker invoker, Task lastTask, State next, Scope scope, Object state, Boolean isCompleted)
   at Microsoft.AspNetCore.Mvc.Infrastructure.ResourceInvoker.<InvokeFilterPipelineAsync>g__Awaited|20_0(ResourceInvoker invoker, Task lastTask, State next, Scope scope, Object state, Boolean isCompleted)
   at Microsoft.AspNetCore.Mvc.Infrastructure.ResourceInvoker.<InvokeAsync>g__Awaited|17_0(ResourceInvoker invoker, Task task, IDisposable scope)
   at Microsoft.AspNetCore.Mvc.Infrastructure.ResourceInvoker.<InvokeAsync>g__Awaited|17_0(ResourceInvoker invoker, Task task, IDisposable scope)
   at Microsoft.AspNetCore.Routing.EndpointMiddleware.<Invoke>g__AwaitRequestTask|6_0(Endpoint endpoint, Task requestTask, ILogger logger)
   at Serilog.AspNetCore.RequestLoggingMiddleware.Invoke(HttpContext httpContext)
   at KayraExportTask2API.Middlewares.ExceptionHandlerMiddleware.InvokeAsync(HttpContext httpContext) in C:\Users\Furkan Recep Çınar\source\repos\kayra-export-task-2\backend\KayraExportTask2\KayraExportTask2API\Middlewares\ExceptionHandlerMiddleware.cs:line 23
2025-08-21 22:35:16.893 +03:00 [INF] HTTP POST /api/Auth/login responded 200 in 1131.1123 ms
2025-08-21 22:35:27.240 +03:00 [WRN] You do not have a valid license key for the Lucky Penny software MediatR. This is allowed for development and testing scenarios. If you are running in production you are required to have a licensed version. Please visit https://luckypennysoftware.com to obtain a valid license.
2025-08-21 22:35:27.528 +03:00 [ERR] Failed executing DbCommand (14ms) [Parameters=[@p0='?' (DbType = Guid), @p1='?' (DbType = DateTime), @p2='?', @p3='?', @p4='?', @p5='?' (DbType = DateTime)], CommandType='"Text"', CommandTimeout='30']
INSERT INTO "Categories" ("Id", "CreatedTime", "Description", "Name", "Slug", "UpdatedTime")
VALUES (@p0, @p1, @p2, @p3, @p4, @p5);
2025-08-21 22:35:27.560 +03:00 [ERR] An exception occurred in the database while saving changes for context type 'KayraExportTask2Persistance.Context.AppDbContext'.
Microsoft.EntityFrameworkCore.DbUpdateException: An error occurred while saving the entity changes. See the inner exception for details.
 ---> Npgsql.PostgresException (0x80004005): 23502: null value in column "Slug" of relation "Categories" violates not-null constraint

DETAIL: Detail redacted as it may contain sensitive data. Specify 'Include Error Detail' in the connection string to include this information.
   at Npgsql.Internal.NpgsqlConnector.<ReadMessage>g__ReadMessageLong|234_0(NpgsqlConnector connector, Boolean async, DataRowLoadingMode dataRowLoadingMode, Boolean readingNotifications, Boolean isReadingPrependedMessage)
   at Npgsql.NpgsqlDataReader.NextResult(Boolean async, Boolean isConsuming, CancellationToken cancellationToken)
   at Npgsql.NpgsqlDataReader.NextResult(Boolean async, Boolean isConsuming, CancellationToken cancellationToken)
   at Npgsql.NpgsqlCommand.ExecuteReader(CommandBehavior behavior, Boolean async, CancellationToken cancellationToken)
   at Npgsql.NpgsqlCommand.ExecuteReader(CommandBehavior behavior, Boolean async, CancellationToken cancellationToken)
   at Npgsql.NpgsqlCommand.ExecuteDbDataReaderAsync(CommandBehavior behavior, CancellationToken cancellationToken)
   at Microsoft.EntityFrameworkCore.Storage.RelationalCommand.ExecuteReaderAsync(RelationalCommandParameterObject parameterObject, CancellationToken cancellationToken)
   at Microsoft.EntityFrameworkCore.Storage.RelationalCommand.ExecuteReaderAsync(RelationalCommandParameterObject parameterObject, CancellationToken cancellationToken)
   at Microsoft.EntityFrameworkCore.Update.ReaderModificationCommandBatch.ExecuteAsync(IRelationalConnection connection, CancellationToken cancellationToken)
  Exception data:
    Severity: ERROR
    SqlState: 23502
    MessageText: null value in column "Slug" of relation "Categories" violates not-null constraint
    Detail: Detail redacted as it may contain sensitive data. Specify 'Include Error Detail' in the connection string to include this information.
    SchemaName: public
    TableName: Categories
    ColumnName: Slug
    File: execMain.c
    Line: 1987
    Routine: ExecConstraints
   --- End of inner exception stack trace ---
   at Microsoft.EntityFrameworkCore.Update.ReaderModificationCommandBatch.ExecuteAsync(IRelationalConnection connection, CancellationToken cancellationToken)
   at Microsoft.EntityFrameworkCore.Update.Internal.BatchExecutor.ExecuteAsync(IEnumerable`1 commandBatches, IRelationalConnection connection, CancellationToken cancellationToken)
   at Microsoft.EntityFrameworkCore.Update.Internal.BatchExecutor.ExecuteAsync(IEnumerable`1 commandBatches, IRelationalConnection connection, CancellationToken cancellationToken)
   at Microsoft.EntityFrameworkCore.Update.Internal.BatchExecutor.ExecuteAsync(IEnumerable`1 commandBatches, IRelationalConnection connection, CancellationToken cancellationToken)
   at Microsoft.EntityFrameworkCore.ChangeTracking.Internal.StateManager.SaveChangesAsync(IList`1 entriesToSave, CancellationToken cancellationToken)
   at Microsoft.EntityFrameworkCore.ChangeTracking.Internal.StateManager.SaveChangesAsync(StateManager stateManager, Boolean acceptAllChangesOnSuccess, CancellationToken cancellationToken)
   at Npgsql.EntityFrameworkCore.PostgreSQL.Storage.Internal.NpgsqlExecutionStrategy.ExecuteAsync[TState,TResult](TState state, Func`4 operation, Func`4 verifySucceeded, CancellationToken cancellationToken)
   at Microsoft.EntityFrameworkCore.DbContext.SaveChangesAsync(Boolean acceptAllChangesOnSuccess, CancellationToken cancellationToken)
Microsoft.EntityFrameworkCore.DbUpdateException: An error occurred while saving the entity changes. See the inner exception for details.
 ---> Npgsql.PostgresException (0x80004005): 23502: null value in column "Slug" of relation "Categories" violates not-null constraint

DETAIL: Detail redacted as it may contain sensitive data. Specify 'Include Error Detail' in the connection string to include this information.
   at Npgsql.Internal.NpgsqlConnector.<ReadMessage>g__ReadMessageLong|234_0(NpgsqlConnector connector, Boolean async, DataRowLoadingMode dataRowLoadingMode, Boolean readingNotifications, Boolean isReadingPrependedMessage)
   at Npgsql.NpgsqlDataReader.NextResult(Boolean async, Boolean isConsuming, CancellationToken cancellationToken)
   at Npgsql.NpgsqlDataReader.NextResult(Boolean async, Boolean isConsuming, CancellationToken cancellationToken)
   at Npgsql.NpgsqlCommand.ExecuteReader(CommandBehavior behavior, Boolean async, CancellationToken cancellationToken)
   at Npgsql.NpgsqlCommand.ExecuteReader(CommandBehavior behavior, Boolean async, CancellationToken cancellationToken)
   at Npgsql.NpgsqlCommand.ExecuteDbDataReaderAsync(CommandBehavior behavior, CancellationToken cancellationToken)
   at Microsoft.EntityFrameworkCore.Storage.RelationalCommand.ExecuteReaderAsync(RelationalCommandParameterObject parameterObject, CancellationToken cancellationToken)
   at Microsoft.EntityFrameworkCore.Storage.RelationalCommand.ExecuteReaderAsync(RelationalCommandParameterObject parameterObject, CancellationToken cancellationToken)
   at Microsoft.EntityFrameworkCore.Update.ReaderModificationCommandBatch.ExecuteAsync(IRelationalConnection connection, CancellationToken cancellationToken)
  Exception data:
    Severity: ERROR
    SqlState: 23502
    MessageText: null value in column "Slug" of relation "Categories" violates not-null constraint
    Detail: Detail redacted as it may contain sensitive data. Specify 'Include Error Detail' in the connection string to include this information.
    SchemaName: public
    TableName: Categories
    ColumnName: Slug
    File: execMain.c
    Line: 1987
    Routine: ExecConstraints
   --- End of inner exception stack trace ---
   at Microsoft.EntityFrameworkCore.Update.ReaderModificationCommandBatch.ExecuteAsync(IRelationalConnection connection, CancellationToken cancellationToken)
   at Microsoft.EntityFrameworkCore.Update.Internal.BatchExecutor.ExecuteAsync(IEnumerable`1 commandBatches, IRelationalConnection connection, CancellationToken cancellationToken)
   at Microsoft.EntityFrameworkCore.Update.Internal.BatchExecutor.ExecuteAsync(IEnumerable`1 commandBatches, IRelationalConnection connection, CancellationToken cancellationToken)
   at Microsoft.EntityFrameworkCore.Update.Internal.BatchExecutor.ExecuteAsync(IEnumerable`1 commandBatches, IRelationalConnection connection, CancellationToken cancellationToken)
   at Microsoft.EntityFrameworkCore.ChangeTracking.Internal.StateManager.SaveChangesAsync(IList`1 entriesToSave, CancellationToken cancellationToken)
   at Microsoft.EntityFrameworkCore.ChangeTracking.Internal.StateManager.SaveChangesAsync(StateManager stateManager, Boolean acceptAllChangesOnSuccess, CancellationToken cancellationToken)
   at Npgsql.EntityFrameworkCore.PostgreSQL.Storage.Internal.NpgsqlExecutionStrategy.ExecuteAsync[TState,TResult](TState state, Func`4 operation, Func`4 verifySucceeded, CancellationToken cancellationToken)
   at Microsoft.EntityFrameworkCore.DbContext.SaveChangesAsync(Boolean acceptAllChangesOnSuccess, CancellationToken cancellationToken)
2025-08-21 22:35:27.715 +03:00 [ERR] HTTP POST /api/Category responded 500 in 480.2967 ms
Microsoft.EntityFrameworkCore.DbUpdateException: An error occurred while saving the entity changes. See the inner exception for details.
 ---> Npgsql.PostgresException (0x80004005): 23502: null value in column "Slug" of relation "Categories" violates not-null constraint

DETAIL: Detail redacted as it may contain sensitive data. Specify 'Include Error Detail' in the connection string to include this information.
   at Npgsql.Internal.NpgsqlConnector.<ReadMessage>g__ReadMessageLong|234_0(NpgsqlConnector connector, Boolean async, DataRowLoadingMode dataRowLoadingMode, Boolean readingNotifications, Boolean isReadingPrependedMessage)
   at Npgsql.NpgsqlDataReader.NextResult(Boolean async, Boolean isConsuming, CancellationToken cancellationToken)
   at Npgsql.NpgsqlDataReader.NextResult(Boolean async, Boolean isConsuming, CancellationToken cancellationToken)
   at Npgsql.NpgsqlCommand.ExecuteReader(CommandBehavior behavior, Boolean async, CancellationToken cancellationToken)
   at Npgsql.NpgsqlCommand.ExecuteReader(CommandBehavior behavior, Boolean async, CancellationToken cancellationToken)
   at Npgsql.NpgsqlCommand.ExecuteDbDataReaderAsync(CommandBehavior behavior, CancellationToken cancellationToken)
   at Microsoft.EntityFrameworkCore.Storage.RelationalCommand.ExecuteReaderAsync(RelationalCommandParameterObject parameterObject, CancellationToken cancellationToken)
   at Microsoft.EntityFrameworkCore.Storage.RelationalCommand.ExecuteReaderAsync(RelationalCommandParameterObject parameterObject, CancellationToken cancellationToken)
   at Microsoft.EntityFrameworkCore.Update.ReaderModificationCommandBatch.ExecuteAsync(IRelationalConnection connection, CancellationToken cancellationToken)
  Exception data:
    Severity: ERROR
    SqlState: 23502
    MessageText: null value in column "Slug" of relation "Categories" violates not-null constraint
    Detail: Detail redacted as it may contain sensitive data. Specify 'Include Error Detail' in the connection string to include this information.
    SchemaName: public
    TableName: Categories
    ColumnName: Slug
    File: execMain.c
    Line: 1987
    Routine: ExecConstraints
   --- End of inner exception stack trace ---
   at Microsoft.EntityFrameworkCore.Update.ReaderModificationCommandBatch.ExecuteAsync(IRelationalConnection connection, CancellationToken cancellationToken)
   at Microsoft.EntityFrameworkCore.Update.Internal.BatchExecutor.ExecuteAsync(IEnumerable`1 commandBatches, IRelationalConnection connection, CancellationToken cancellationToken)
   at Microsoft.EntityFrameworkCore.Update.Internal.BatchExecutor.ExecuteAsync(IEnumerable`1 commandBatches, IRelationalConnection connection, CancellationToken cancellationToken)
   at Microsoft.EntityFrameworkCore.Update.Internal.BatchExecutor.ExecuteAsync(IEnumerable`1 commandBatches, IRelationalConnection connection, CancellationToken cancellationToken)
   at Microsoft.EntityFrameworkCore.ChangeTracking.Internal.StateManager.SaveChangesAsync(IList`1 entriesToSave, CancellationToken cancellationToken)
   at Microsoft.EntityFrameworkCore.ChangeTracking.Internal.StateManager.SaveChangesAsync(StateManager stateManager, Boolean acceptAllChangesOnSuccess, CancellationToken cancellationToken)
   at Npgsql.EntityFrameworkCore.PostgreSQL.Storage.Internal.NpgsqlExecutionStrategy.ExecuteAsync[TState,TResult](TState state, Func`4 operation, Func`4 verifySucceeded, CancellationToken cancellationToken)
   at Microsoft.EntityFrameworkCore.DbContext.SaveChangesAsync(Boolean acceptAllChangesOnSuccess, CancellationToken cancellationToken)
   at Microsoft.EntityFrameworkCore.DbContext.SaveChangesAsync(Boolean acceptAllChangesOnSuccess, CancellationToken cancellationToken)
   at KayraExportTask2Persistance.Repositories.WriteRepository`1.SaveAsync() in C:\Users\Furkan Recep Çınar\source\repos\kayra-export-task-2\backend\KayraExportTask2\KayraExportTask2Persistance\Repositories\WriteRepository.cs:line 62
   at KayraExportTask2Application.Features.Categories.AddCategoryCommandHandler.Handle(AddCategoryCommand request, CancellationToken cancellationToken) in C:\Users\Furkan Recep Çınar\source\repos\kayra-export-task-2\backend\KayraExportTask2\KayraExportTask2Application\Features\Categories\AddCategoryCommandHandler.cs:line 35
   at KayraExportTask2API.Controllers.CategoryController.AddCategory(AddCategoryCommand command) in C:\Users\Furkan Recep Çınar\source\repos\kayra-export-task-2\backend\KayraExportTask2\KayraExportTask2API\Controllers\CategoryController.cs:line 24
   at Microsoft.AspNetCore.Mvc.Infrastructure.ActionMethodExecutor.TaskOfIActionResultExecutor.Execute(ActionContext actionContext, IActionResultTypeMapper mapper, ObjectMethodExecutor executor, Object controller, Object[] arguments)
   at Microsoft.AspNetCore.Mvc.Infrastructure.ControllerActionInvoker.<InvokeActionMethodAsync>g__Awaited|12_0(ControllerActionInvoker invoker, ValueTask`1 actionResultValueTask)
   at Microsoft.AspNetCore.Mvc.Infrastructure.ControllerActionInvoker.<InvokeNextActionFilterAsync>g__Awaited|10_0(ControllerActionInvoker invoker, Task lastTask, State next, Scope scope, Object state, Boolean isCompleted)
   at Microsoft.AspNetCore.Mvc.Infrastructure.ControllerActionInvoker.Rethrow(ActionExecutedContextSealed context)
   at Microsoft.AspNetCore.Mvc.Infrastructure.ControllerActionInvoker.Next(State& next, Scope& scope, Object& state, Boolean& isCompleted)
   at Microsoft.AspNetCore.Mvc.Infrastructure.ControllerActionInvoker.<InvokeInnerFilterAsync>g__Awaited|13_0(ControllerActionInvoker invoker, Task lastTask, State next, Scope scope, Object state, Boolean isCompleted)
   at Microsoft.AspNetCore.Mvc.Infrastructure.ResourceInvoker.<InvokeFilterPipelineAsync>g__Awaited|20_0(ResourceInvoker invoker, Task lastTask, State next, Scope scope, Object state, Boolean isCompleted)
   at Microsoft.AspNetCore.Mvc.Infrastructure.ResourceInvoker.<InvokeAsync>g__Awaited|17_0(ResourceInvoker invoker, Task task, IDisposable scope)
   at Microsoft.AspNetCore.Mvc.Infrastructure.ResourceInvoker.<InvokeAsync>g__Awaited|17_0(ResourceInvoker invoker, Task task, IDisposable scope)
   at Microsoft.AspNetCore.Routing.EndpointMiddleware.<Invoke>g__AwaitRequestTask|6_0(Endpoint endpoint, Task requestTask, ILogger logger)
   at Serilog.AspNetCore.RequestLoggingMiddleware.Invoke(HttpContext httpContext)
2025-08-21 22:35:27.818 +03:00 [ERR] An unexpected error occurred.
Microsoft.EntityFrameworkCore.DbUpdateException: An error occurred while saving the entity changes. See the inner exception for details.
 ---> Npgsql.PostgresException (0x80004005): 23502: null value in column "Slug" of relation "Categories" violates not-null constraint

DETAIL: Detail redacted as it may contain sensitive data. Specify 'Include Error Detail' in the connection string to include this information.
   at Npgsql.Internal.NpgsqlConnector.<ReadMessage>g__ReadMessageLong|234_0(NpgsqlConnector connector, Boolean async, DataRowLoadingMode dataRowLoadingMode, Boolean readingNotifications, Boolean isReadingPrependedMessage)
   at Npgsql.NpgsqlDataReader.NextResult(Boolean async, Boolean isConsuming, CancellationToken cancellationToken)
   at Npgsql.NpgsqlDataReader.NextResult(Boolean async, Boolean isConsuming, CancellationToken cancellationToken)
   at Npgsql.NpgsqlCommand.ExecuteReader(CommandBehavior behavior, Boolean async, CancellationToken cancellationToken)
   at Npgsql.NpgsqlCommand.ExecuteReader(CommandBehavior behavior, Boolean async, CancellationToken cancellationToken)
   at Npgsql.NpgsqlCommand.ExecuteDbDataReaderAsync(CommandBehavior behavior, CancellationToken cancellationToken)
   at Microsoft.EntityFrameworkCore.Storage.RelationalCommand.ExecuteReaderAsync(RelationalCommandParameterObject parameterObject, CancellationToken cancellationToken)
   at Microsoft.EntityFrameworkCore.Storage.RelationalCommand.ExecuteReaderAsync(RelationalCommandParameterObject parameterObject, CancellationToken cancellationToken)
   at Microsoft.EntityFrameworkCore.Update.ReaderModificationCommandBatch.ExecuteAsync(IRelationalConnection connection, CancellationToken cancellationToken)
  Exception data:
    Severity: ERROR
    SqlState: 23502
    MessageText: null value in column "Slug" of relation "Categories" violates not-null constraint
    Detail: Detail redacted as it may contain sensitive data. Specify 'Include Error Detail' in the connection string to include this information.
    SchemaName: public
    TableName: Categories
    ColumnName: Slug
    File: execMain.c
    Line: 1987
    Routine: ExecConstraints
   --- End of inner exception stack trace ---
   at Microsoft.EntityFrameworkCore.Update.ReaderModificationCommandBatch.ExecuteAsync(IRelationalConnection connection, CancellationToken cancellationToken)
   at Microsoft.EntityFrameworkCore.Update.Internal.BatchExecutor.ExecuteAsync(IEnumerable`1 commandBatches, IRelationalConnection connection, CancellationToken cancellationToken)
   at Microsoft.EntityFrameworkCore.Update.Internal.BatchExecutor.ExecuteAsync(IEnumerable`1 commandBatches, IRelationalConnection connection, CancellationToken cancellationToken)
   at Microsoft.EntityFrameworkCore.Update.Internal.BatchExecutor.ExecuteAsync(IEnumerable`1 commandBatches, IRelationalConnection connection, CancellationToken cancellationToken)
   at Microsoft.EntityFrameworkCore.ChangeTracking.Internal.StateManager.SaveChangesAsync(IList`1 entriesToSave, CancellationToken cancellationToken)
   at Microsoft.EntityFrameworkCore.ChangeTracking.Internal.StateManager.SaveChangesAsync(StateManager stateManager, Boolean acceptAllChangesOnSuccess, CancellationToken cancellationToken)
   at Npgsql.EntityFrameworkCore.PostgreSQL.Storage.Internal.NpgsqlExecutionStrategy.ExecuteAsync[TState,TResult](TState state, Func`4 operation, Func`4 verifySucceeded, CancellationToken cancellationToken)
   at Microsoft.EntityFrameworkCore.DbContext.SaveChangesAsync(Boolean acceptAllChangesOnSuccess, CancellationToken cancellationToken)
   at Microsoft.EntityFrameworkCore.DbContext.SaveChangesAsync(Boolean acceptAllChangesOnSuccess, CancellationToken cancellationToken)
   at KayraExportTask2Persistance.Repositories.WriteRepository`1.SaveAsync() in C:\Users\Furkan Recep Çınar\source\repos\kayra-export-task-2\backend\KayraExportTask2\KayraExportTask2Persistance\Repositories\WriteRepository.cs:line 62
   at KayraExportTask2Application.Features.Categories.AddCategoryCommandHandler.Handle(AddCategoryCommand request, CancellationToken cancellationToken) in C:\Users\Furkan Recep Çınar\source\repos\kayra-export-task-2\backend\KayraExportTask2\KayraExportTask2Application\Features\Categories\AddCategoryCommandHandler.cs:line 35
   at KayraExportTask2API.Controllers.CategoryController.AddCategory(AddCategoryCommand command) in C:\Users\Furkan Recep Çınar\source\repos\kayra-export-task-2\backend\KayraExportTask2\KayraExportTask2API\Controllers\CategoryController.cs:line 24
   at Microsoft.AspNetCore.Mvc.Infrastructure.ActionMethodExecutor.TaskOfIActionResultExecutor.Execute(ActionContext actionContext, IActionResultTypeMapper mapper, ObjectMethodExecutor executor, Object controller, Object[] arguments)
   at Microsoft.AspNetCore.Mvc.Infrastructure.ControllerActionInvoker.<InvokeActionMethodAsync>g__Awaited|12_0(ControllerActionInvoker invoker, ValueTask`1 actionResultValueTask)
   at Microsoft.AspNetCore.Mvc.Infrastructure.ControllerActionInvoker.<InvokeNextActionFilterAsync>g__Awaited|10_0(ControllerActionInvoker invoker, Task lastTask, State next, Scope scope, Object state, Boolean isCompleted)
   at Microsoft.AspNetCore.Mvc.Infrastructure.ControllerActionInvoker.Rethrow(ActionExecutedContextSealed context)
   at Microsoft.AspNetCore.Mvc.Infrastructure.ControllerActionInvoker.Next(State& next, Scope& scope, Object& state, Boolean& isCompleted)
   at Microsoft.AspNetCore.Mvc.Infrastructure.ControllerActionInvoker.<InvokeInnerFilterAsync>g__Awaited|13_0(ControllerActionInvoker invoker, Task lastTask, State next, Scope scope, Object state, Boolean isCompleted)
   at Microsoft.AspNetCore.Mvc.Infrastructure.ResourceInvoker.<InvokeFilterPipelineAsync>g__Awaited|20_0(ResourceInvoker invoker, Task lastTask, State next, Scope scope, Object state, Boolean isCompleted)
   at Microsoft.AspNetCore.Mvc.Infrastructure.ResourceInvoker.<InvokeAsync>g__Awaited|17_0(ResourceInvoker invoker, Task task, IDisposable scope)
   at Microsoft.AspNetCore.Mvc.Infrastructure.ResourceInvoker.<InvokeAsync>g__Awaited|17_0(ResourceInvoker invoker, Task task, IDisposable scope)
   at Microsoft.AspNetCore.Routing.EndpointMiddleware.<Invoke>g__AwaitRequestTask|6_0(Endpoint endpoint, Task requestTask, ILogger logger)
   at Serilog.AspNetCore.RequestLoggingMiddleware.Invoke(HttpContext httpContext)
   at KayraExportTask2API.Middlewares.ExceptionHandlerMiddleware.InvokeAsync(HttpContext httpContext) in C:\Users\Furkan Recep Çınar\source\repos\kayra-export-task-2\backend\KayraExportTask2\KayraExportTask2API\Middlewares\ExceptionHandlerMiddleware.cs:line 23
2025-08-21 22:55:15.884 +03:00 [INF] HTTP POST /api/Auth/login responded 200 in 1223.8531 ms
2025-08-21 22:55:26.299 +03:00 [WRN] You do not have a valid license key for the Lucky Penny software MediatR. This is allowed for development and testing scenarios. If you are running in production you are required to have a licensed version. Please visit https://luckypennysoftware.com to obtain a valid license.
2025-08-21 22:55:26.597 +03:00 [INF] HTTP POST /api/Category responded 200 in 303.0135 ms
2025-08-21 22:57:09.281 +03:00 [INF] HTTP POST /api/Product responded 200 in 5216.3688 ms
2025-08-21 22:57:39.241 +03:00 [INF] HTTP GET /api/Product/filter responded 400 in 19.3613 ms
2025-08-21 23:00:51.409 +03:00 [INF] HTTP POST /api/Auth/login responded 200 in 1282.7304 ms
2025-08-21 23:01:15.512 +03:00 [WRN] You do not have a valid license key for the Lucky Penny software MediatR. This is allowed for development and testing scenarios. If you are running in production you are required to have a licensed version. Please visit https://luckypennysoftware.com to obtain a valid license.
2025-08-21 23:01:15.816 +03:00 [INF] HTTP GET /api/Product/filter responded 200 in 313.1529 ms
2025-08-21 23:01:26.506 +03:00 [INF] HTTP GET /api/Product/filter responded 200 in 33.7211 ms
2025-08-21 23:01:35.276 +03:00 [INF] HTTP GET /api/Product/filter responded 200 in 34.3192 ms
2025-08-21 23:01:39.639 +03:00 [INF] HTTP GET /api/Product/filter responded 200 in 13.2738 ms
2025-08-21 23:01:42.654 +03:00 [INF] HTTP GET /api/Product/filter responded 200 in 13.7292 ms
2025-08-21 23:01:47.941 +03:00 [INF] HTTP GET /api/Product/filter responded 200 in 16.1854 ms
2025-08-21 23:01:50.610 +03:00 [INF] HTTP GET /api/Product/filter responded 200 in 16.8608 ms
2025-08-21 23:01:53.263 +03:00 [INF] HTTP GET /api/Product/filter responded 200 in 14.4685 ms
2025-08-21 23:02:01.872 +03:00 [INF] HTTP GET /api/Product/filter responded 200 in 15.3197 ms
2025-08-21 23:02:09.603 +03:00 [INF] HTTP GET /api/Product/filter responded 200 in 13.9194 ms
2025-08-21 23:02:15.081 +03:00 [INF] HTTP GET /api/Product/filter responded 200 in 15.0897 ms
2025-08-21 23:02:34.695 +03:00 [INF] HTTP GET /api/Product/filter responded 200 in 26.9246 ms
2025-08-21 23:02:42.965 +03:00 [INF] HTTP GET /api/Product/filter responded 200 in 20.2629 ms
2025-08-21 23:02:47.105 +03:00 [INF] HTTP GET /api/Product/filter responded 200 in 17.6096 ms
2025-08-21 23:04:27.446 +03:00 [INF] HTTP GET /api/Product/filter responded 200 in 56.1508 ms
2025-08-21 23:04:33.223 +03:00 [INF] HTTP GET /api/Product/filter responded 200 in 11.9171 ms
2025-08-21 23:04:38.709 +03:00 [INF] HTTP GET /api/Product/filter responded 200 in 15.2103 ms
2025-08-21 23:04:44.821 +03:00 [INF] HTTP GET /api/Product/filter responded 200 in 16.9244 ms
2025-08-21 23:04:48.564 +03:00 [INF] HTTP GET /api/Product/filter responded 200 in 15.8441 ms
2025-08-21 23:04:53.082 +03:00 [INF] HTTP GET /api/Product/filter responded 200 in 12.6463 ms
2025-08-21 23:34:19.174 +03:00 [INF] HTTP POST /api/Auth/login responded 200 in 1374.5089 ms
2025-08-21 23:34:32.931 +03:00 [WRN] You do not have a valid license key for the Lucky Penny software MediatR. This is allowed for development and testing scenarios. If you are running in production you are required to have a licensed version. Please visit https://luckypennysoftware.com to obtain a valid license.
2025-08-21 23:34:33.205 +03:00 [INF] HTTP GET /api/Product responded 200 in 280.1197 ms
2025-08-21 23:42:20.678 +03:00 [INF] HTTP POST /api/Auth/login responded 200 in 1371.1064 ms
2025-08-21 23:42:42.117 +03:00 [WRN] You do not have a valid license key for the Lucky Penny software MediatR. This is allowed for development and testing scenarios. If you are running in production you are required to have a licensed version. Please visit https://luckypennysoftware.com to obtain a valid license.
2025-08-21 23:42:42.303 +03:00 [INF] HTTP GET /api/Product responded 200 in 192.9555 ms
2025-08-21 23:43:20.241 +03:00 [INF] HTTP POST /api/ProductImage responded 400 in 114.5344 ms
2025-08-21 23:43:47.818 +03:00 [INF] HTTP POST /api/ProductImage responded 400 in 11714.4447 ms
2025-08-21 23:47:05.399 +03:00 [INF] HTTP POST /api/Auth/login responded 200 in 1204.3415 ms
2025-08-21 23:47:20.687 +03:00 [WRN] You do not have a valid license key for the Lucky Penny software MediatR. This is allowed for development and testing scenarios. If you are running in production you are required to have a licensed version. Please visit https://luckypennysoftware.com to obtain a valid license.
2025-08-21 23:47:20.863 +03:00 [INF] HTTP GET /api/Product responded 200 in 186.6820 ms
2025-08-21 23:48:44.179 +03:00 [INF] HTTP POST /api/Auth/login responded 200 in 1279.4487 ms
2025-08-21 23:48:55.938 +03:00 [WRN] You do not have a valid license key for the Lucky Penny software MediatR. This is allowed for development and testing scenarios. If you are running in production you are required to have a licensed version. Please visit https://luckypennysoftware.com to obtain a valid license.
2025-08-21 23:48:56.108 +03:00 [INF] HTTP GET /api/Product responded 200 in 175.9280 ms
